Source ,Target,Type,Weight
1,15,undirected,27
2,325,undirected,24
1,6,undirected,22
3,308,undirected,15
1,9,undirected,12
4,1,undirected,11
5,9,undirected,10
4,5,undirected,10
6,9,undirected,9
4,6,undirected,9
1,5,undirected,9
7,41,undirected,8
8,74,undirected,8
6,5,undirected,8
1,67,undirected,7
6,67,undirected,7
6,15,undirected,6
4,9,undirected,6
9,15,undirected,6
10,326,undirected,5
5,67,undirected,5
9,67,undirected,5
4,67,undirected,5
11,26,undirected,4
12,29,undirected,4
13,327,undirected,4
14,284,undirected,4
11,94,undirected,3
15,94,undirected,3
16,328,undirected,3
17,18,undirected,3
17,329,undirected,3
18,329,undirected,3
19,20,undirected,3
19,21,undirected,3
19,330,undirected,3
20,21,undirected,3
20,330,undirected,3
21,330,undirected,3
22,154,undirected,3
23,2,undirected,3
23,325,undirected,3
24,327,undirected,3
25,327,undirected,3
11,331,undirected,3
26,9,undirected,3
27,75,undirected,3
7,74,undirected,3
2,74,undirected,3
18,332,undirected,3
28,182,undirected,3
29,119,undirected,3
30,333,undirected,3
31,32,undirected,3
31,33,undirected,3
31,34,undirected,3
31,16,undirected,3
32,33,undirected,3
32,34,undirected,3
32,16,undirected,3
33,34,undirected,3
33,16,undirected,3
34,16,undirected,3
35,29,undirected,3
36,308,undirected,3
37,334,undirected,2
38,11,undirected,2
39,16,undirected,2
40,335,undirected,2
41,284,undirected,2
42,336,undirected,2
43,264,undirected,2
44,337,undirected,2
45,338,undirected,2
46,47,undirected,2
46,49,undirected,2
47,49,undirected,2
48,15,undirected,2
1,339,undirected,2
15,339,undirected,2
49,267,undirected,2
50,202,undirected,2
51,52,undirected,2
51,29,undirected,2
52,29,undirected,2
53,29,undirected,2
54,22,undirected,2
54,55,undirected,2
54,154,undirected,2
22,55,undirected,2
55,154,undirected,2
56,71,undirected,2
57,340,undirected,2
11,15,undirected,2
26,15,undirected,2
58,330,undirected,2
59,308,undirected,2
6,339,undirected,2
60,147,undirected,2
61,6,undirected,2
61,56,undirected,2
6,56,undirected,2
62,247,undirected,2
63,12,undirected,2
64,341,undirected,2
65,66,undirected,2
65,338,undirected,2
66,338,undirected,2
11,61,undirected,2
67,342,undirected,2
46,343,undirected,2
35,344,undirected,2
68,81,undirected,2
69,345,undirected,2
70,346,undirected,2
71,347,undirected,2
13,348,undirected,2
72,335,undirected,2
27,7,undirected,2
27,73,undirected,2
27,2,undirected,2
27,74,undirected,2
27,325,undirected,2
7,73,undirected,2
7,2,undirected,2
7,75,undirected,2
7,325,undirected,2
73,2,undirected,2
73,74,undirected,2
73,75,undirected,2
73,325,undirected,2
2,75,undirected,2
74,75,undirected,2
74,325,undirected,2
75,325,undirected,2
76,2,undirected,2
76,325,undirected,2
71,349,undirected,2
77,64,undirected,2
63,29,undirected,2
63,119,undirected,2
78,350,undirected,2
79,351,undirected,2
80,139,undirected,2
81,352,undirected,2
22,82,undirected,2
22,19,undirected,2
82,19,undirected,2
83,353,undirected,2
55,199,undirected,2
1,94,undirected,2
84,354,undirected,2
22,85,undirected,2
22,199,undirected,2
85,199,undirected,2
86,50,undirected,2
50,355,undirected,2
40,356,undirected,2
87,357,undirected,2
40,358,undirected,2
88,359,undirected,2
1,70,undirected,2
70,15,undirected,2
89,360,undirected,2
90,361,undirected,2
91,362,undirected,2
6,94,undirected,2
92,21,undirected,2
36,93,undirected,2
93,308,undirected,2
94,363,undirected,2
95,96,undirected,2
95,97,undirected,2
95,364,undirected,2
96,97,undirected,2
96,364,undirected,2
97,364,undirected,2
55,365,undirected,2
38,366,undirected,2
98,109,undirected,2
99,308,undirected,2
50,367,undirected,2
100,368,undirected,2
101,369,undirected,2
55,209,undirected,2
102,58,undirected,1
97,159,undirected,1
6,370,undirected,1
9,370,undirected,1
7,8,undirected,1
41,8,undirected,1
103,371,undirected,1
104,105,undirected,1
104,106,undirected,1
104,107,undirected,1
104,372,undirected,1
105,106,undirected,1
105,107,undirected,1
105,372,undirected,1
106,107,undirected,1
106,372,undirected,1
107,372,undirected,1
11,373,undirected,1
94,373,undirected,1
108,359,undirected,1
109,374,undirected,1
61,110,undirected,1
61,67,undirected,1
110,67,undirected,1
111,112,undirected,1
111,375,undirected,1
112,375,undirected,1
13,24,undirected,1
113,199,undirected,1
114,69,undirected,1
65,376,undirected,1
15,67,undirected,1
32,40,undirected,1
49,377,undirected,1
115,378,undirected,1
80,44,undirected,1
80,337,undirected,1
116,83,undirected,1
117,118,undirected,1
117,379,undirected,1
118,379,undirected,1
119,94,undirected,1
40,16,undirected,1
40,328,undirected,1
11,70,undirected,1
26,70,undirected,1
10,120,undirected,1
10,308,undirected,1
120,308,undirected,1
48,1,undirected,1
121,231,undirected,1
35,380,undirected,1
122,381,undirected,1
123,50,undirected,1
123,202,undirected,1
124,382,undirected,1
125,126,undirected,1
125,383,undirected,1
126,383,undirected,1
51,53,undirected,1
51,12,undirected,1
51,384,undirected,1
52,53,undirected,1
52,12,undirected,1
52,384,undirected,1
53,12,undirected,1
53,384,undirected,1
12,384,undirected,1
29,384,undirected,1
25,13,undirected,1
127,128,undirected,1
127,66,undirected,1
128,66,undirected,1
22,32,undirected,1
22,129,undirected,1
22,328,undirected,1
32,129,undirected,1
32,328,undirected,1
129,328,undirected,1
130,65,undirected,1
130,385,undirected,1
65,385,undirected,1
33,50,undirected,1
33,202,undirected,1
19,121,undirected,1
131,3,undirected,1
131,308,undirected,1
132,133,undirected,1
132,386,undirected,1
133,386,undirected,1
48,327,undirected,1
134,77,undirected,1
102,387,undirected,1
135,29,undirected,1
136,388,undirected,1
137,389,undirected,1
138,390,undirected,1
1,12,undirected,1
12,15,undirected,1
139,377,undirected,1
123,391,undirected,1
62,89,undirected,1
140,33,undirected,1
141,142,undirected,1
141,66,undirected,1
141,89,undirected,1
142,66,undirected,1
142,89,undirected,1
66,89,undirected,1
143,281,undirected,1
144,392,undirected,1
145,393,undirected,1
64,147,undirected,1
112,394,undirected,1
99,146,undirected,1
99,395,undirected,1
146,395,undirected,1
92,60,undirected,1
92,147,undirected,1
92,328,undirected,1
60,328,undirected,1
147,328,undirected,1
113,16,undirected,1
113,328,undirected,1
148,396,undirected,1
149,397,undirected,1
150,398,undirected,1
151,64,undirected,1
40,224,undirected,1
152,81,undirected,1
153,22,undirected,1
153,154,undirected,1
153,335,undirected,1
22,335,undirected,1
154,335,undirected,1
38,155,undirected,1
38,70,undirected,1
155,70,undirected,1
156,44,undirected,1
156,154,undirected,1
156,399,undirected,1
44,154,undirected,1
44,399,undirected,1
154,399,undirected,1
39,44,undirected,1
39,400,undirected,1
44,400,undirected,1
157,401,undirected,1
158,159,undirected,1
158,402,undirected,1
159,402,undirected,1
25,160,undirected,1
160,327,undirected,1
161,247,undirected,1
40,403,undirected,1
90,404,undirected,1
162,375,undirected,1
163,139,undirected,1
144,109,undirected,1
164,87,undirected,1
164,165,undirected,1
164,405,undirected,1
87,165,undirected,1
87,405,undirected,1
165,405,undirected,1
41,74,undirected,1
4,15,undirected,1
48,26,undirected,1
48,70,undirected,1
90,406,undirected,1
35,407,undirected,1
148,16,undirected,1
166,30,undirected,1
166,167,undirected,1
166,408,undirected,1
30,167,undirected,1
30,408,undirected,1
167,408,undirected,1
168,231,undirected,1
53,359,undirected,1
139,402,undirected,1
169,57,undirected,1
169,6,undirected,1
57,6,undirected,1
72,170,undirected,1
72,171,undirected,1
170,171,undirected,1
170,335,undirected,1
171,335,undirected,1
172,109,undirected,1
173,409,undirected,1
39,50,undirected,1
39,328,undirected,1
50,16,undirected,1
50,328,undirected,1
135,94,undirected,1
21,16,undirected,1
174,410,undirected,1
158,49,undirected,1
175,338,undirected,1
176,411,undirected,1
102,412,undirected,1
2,413,undirected,1
177,178,undirected,1
177,339,undirected,1
178,339,undirected,1
114,179,undirected,1
114,354,undirected,1
179,354,undirected,1
41,414,undirected,1
180,181,undirected,1
180,415,undirected,1
181,415,undirected,1
81,75,undirected,1
145,1,undirected,1
145,15,undirected,1
28,183,undirected,1
28,416,undirected,1
182,183,undirected,1
182,416,undirected,1
183,416,undirected,1
66,184,undirected,1
66,185,undirected,1
66,417,undirected,1
184,185,undirected,1
184,417,undirected,1
185,417,undirected,1
139,418,undirected,1
38,90,undirected,1
186,363,undirected,1
187,419,undirected,1
188,420,undirected,1
189,421,undirected,1
190,44,undirected,1
88,380,undirected,1
191,303,undirected,1
192,246,undirected,1
35,135,undirected,1
69,332,undirected,1
193,422,undirected,1
194,233,undirected,1
14,137,undirected,1
6,71,undirected,1
194,168,undirected,1
195,254,undirected,1
39,335,undirected,1
80,265,undirected,1
196,410,undirected,1
197,64,undirected,1
198,109,undirected,1
47,199,undirected,1
47,209,undirected,1
199,209,undirected,1
112,423,undirected,1
200,424,undirected,1
201,347,undirected,1
202,425,undirected,1
203,204,undirected,1
203,308,undirected,1
204,308,undirected,1
205,30,undirected,1
206,426,undirected,1
207,427,undirected,1
208,428,undirected,1
50,209,undirected,1
50,224,undirected,1
209,224,undirected,1
210,211,undirected,1
210,429,undirected,1
211,429,undirected,1
39,159,undirected,1
212,69,undirected,1
213,430,undirected,1
214,209,undirected,1
215,32,undirected,1
215,356,undirected,1
32,356,undirected,1
216,431,undirected,1
217,218,undirected,1
217,432,undirected,1
218,432,undirected,1
62,112,undirected,1
219,131,undirected,1
220,185,undirected,1
221,222,undirected,1
221,433,undirected,1
222,433,undirected,1
176,434,undirected,1
90,10,undirected,1
223,435,undirected,1
132,109,undirected,1
99,436,undirected,1
224,427,undirected,1
225,437,undirected,1
139,438,undirected,1
226,2,undirected,1
226,325,undirected,1
227,228,undirected,1
227,439,undirected,1
228,439,undirected,1
229,338,undirected,1
230,231,undirected,1
230,370,undirected,1
231,370,undirected,1
25,24,undirected,1
57,440,undirected,1
229,441,undirected,1
86,232,undirected,1
86,233,undirected,1
86,355,undirected,1
232,50,undirected,1
232,233,undirected,1
232,355,undirected,1
50,233,undirected,1
233,355,undirected,1
89,248,undirected,1
234,235,undirected,1
234,442,undirected,1
235,442,undirected,1
168,199,undirected,1
40,443,undirected,1
220,50,undirected,1
220,236,undirected,1
220,355,undirected,1
50,236,undirected,1
236,355,undirected,1
237,444,undirected,1
17,369,undirected,1
238,40,undirected,1
238,445,undirected,1
40,445,undirected,1
176,446,undirected,1
239,94,undirected,1
63,5,undirected,1
240,447,undirected,1
241,112,undirected,1
241,448,undirected,1
112,448,undirected,1
242,56,undirected,1
243,449,undirected,1
139,450,undirected,1
74,414,undirected,1
244,451,undirected,1
82,58,undirected,1
245,246,undirected,1
245,228,undirected,1
246,228,undirected,1
247,452,undirected,1
248,209,undirected,1
248,233,undirected,1
209,233,undirected,1
40,34,undirected,1
40,209,undirected,1
34,209,undirected,1
168,453,undirected,1
38,1,undirected,1
185,454,undirected,1
25,15,undirected,1
249,97,undirected,1
249,396,undirected,1
97,396,undirected,1
250,251,undirected,1
250,252,undirected,1
250,455,undirected,1
251,252,undirected,1
251,455,undirected,1
252,455,undirected,1
158,196,undirected,1
158,278,undirected,1
196,278,undirected,1
98,456,undirected,1
253,457,undirected,1
254,255,undirected,1
254,458,undirected,1
255,458,undirected,1
193,459,undirected,1
256,19,undirected,1
256,300,undirected,1
19,300,undirected,1
99,339,undirected,1
257,460,undirected,1
233,461,undirected,1
258,392,undirected,1
259,336,undirected,1
260,462,undirected,1
261,463,undirected,1
262,261,undirected,1
262,440,undirected,1
261,440,undirected,1
192,196,undirected,1
192,263,undirected,1
192,401,undirected,1
196,263,undirected,1
196,401,undirected,1
263,401,undirected,1
102,246,undirected,1
11,308,undirected,1
256,396,undirected,1
264,464,undirected,1
66,33,undirected,1
265,139,undirected,1
266,465,undirected,1
11,6,undirected,1
193,466,undirected,1
6,70,undirected,1
267,109,undirected,1
268,269,undirected,1
268,467,undirected,1
269,467,undirected,1
29,94,undirected,1
29,363,undirected,1
270,468,undirected,1
168,469,undirected,1
271,470,undirected,1
272,187,undirected,1
153,209,undirected,1
158,96,undirected,1
10,471,undirected,1
213,472,undirected,1
11,119,undirected,1
22,356,undirected,1
72,40,undirected,1
273,473,undirected,1
66,274,undirected,1
66,269,undirected,1
66,281,undirected,1
274,269,undirected,1
274,281,undirected,1
269,281,undirected,1
1,11,undirected,1
1,474,undirected,1
11,474,undirected,1
57,15,undirected,1
275,276,undirected,1
275,475,undirected,1
276,475,undirected,1
277,109,undirected,1
278,476,undirected,1
279,477,undirected,1
280,338,undirected,1
29,380,undirected,1
206,264,undirected,1
281,254,undirected,1
282,478,undirected,1
283,392,undirected,1
2,15,undirected,1
1,284,undirected,1
284,15,undirected,1
285,479,undirected,1
286,439,undirected,1
49,480,undirected,1
82,336,undirected,1
11,5,undirected,1
99,3,undirected,1
56,9,undirected,1
282,41,undirected,1
282,481,undirected,1
41,481,undirected,1
287,288,undirected,1
287,482,undirected,1
288,482,undirected,1
139,245,undirected,1
289,50,undirected,1
289,367,undirected,1
290,483,undirected,1
97,291,undirected,1
97,410,undirected,1
291,410,undirected,1
292,461,undirected,1
293,484,undirected,1
101,33,undirected,1
33,369,undirected,1
265,86,undirected,1
265,50,undirected,1
265,367,undirected,1
86,367,undirected,1
36,99,undirected,1
294,485,undirected,1
12,94,undirected,1
295,347,undirected,1
65,486,undirected,1
296,69,undirected,1
139,341,undirected,1
246,427,undirected,1
297,457,undirected,1
298,338,undirected,1
113,487,undirected,1
261,461,undirected,1
299,34,undirected,1
299,300,undirected,1
299,233,undirected,1
299,171,undirected,1
299,402,undirected,1
34,300,undirected,1
34,233,undirected,1
34,171,undirected,1
34,402,undirected,1
300,233,undirected,1
300,171,undirected,1
300,402,undirected,1
233,171,undirected,1
233,402,undirected,1
171,402,undirected,1
301,488,undirected,1
82,356,undirected,1
235,489,undirected,1
38,67,undirected,1
192,216,undirected,1
302,90,undirected,1
102,356,undirected,1
303,490,undirected,1
123,33,undirected,1
304,305,undirected,1
304,491,undirected,1
305,491,undirected,1
306,77,undirected,1
145,393,undirected,1
56,373,undirected,1
169,492,undirected,1
54,139,undirected,1
307,87,undirected,1
307,493,undirected,1
87,493,undirected,1
308,94,undirected,1
158,185,undirected,1
309,494,undirected,1
40,310,undirected,1
40,355,undirected,1
310,355,undirected,1
311,457,undirected,1
90,495,undirected,1
48,35,undirected,1
48,496,undirected,1
35,496,undirected,1
312,3,undirected,1
312,308,undirected,1
89,313,undirected,1
89,336,undirected,1
313,336,undirected,1
314,462,undirected,1
65,17,undirected,1
315,356,undirected,1
316,176,undirected,1
317,231,undirected,1
318,392,undirected,1
153,230,undirected,1
319,497,undirected,1
320,321,undirected,1
320,498,undirected,1
321,498,undirected,1
302,495,undirected,1
322,499,undirected,1
323,82,undirected,1
323,335,undirected,1
82,335,undirected,1
83,231,undirected,1
220,440,undirected,1
88,35,undirected,1
324,83,undirected,1
1,15,undirected,33
7,41,undirected,22
87,99,undirected,13
1,6,undirected,10
25,327,undirected,8
1,9,undirected,7
11,656,undirected,6
11,94,undirected,5
500,339,undirected,5
6,94,undirected,5
469,501,undirected,5
469,360,undirected,5
501,360,undirected,5
6,15,undirected,5
70,15,undirected,4
359,71,undirected,4
15,94,undirected,4
66,185,undirected,4
53,29,undirected,4
102,330,undirected,4
11,331,undirected,4
9,15,undirected,4
6,339,undirected,4
90,656,undirected,4
282,414,undirected,4
7,325,undirected,4
325,347,undirected,4
1,94,undirected,4
27,41,undirected,4
27,7,undirected,4
467,502,undirected,4
467,157,undirected,4
467,246,undirected,4
502,157,undirected,4
502,246,undirected,4
157,246,undirected,4
35,29,undirected,4
90,11,undirected,4
92,21,undirected,4
2,325,undirected,3
21,360,undirected,3
44,337,undirected,3
11,373,undirected,3
48,11,undirected,3
11,2,undirected,3
11,325,undirected,3
6,5,undirected,3
112,394,undirected,3
25,160,undirected,3
160,327,undirected,3
27,528,undirected,3
14,284,undirected,3
1,339,undirected,3
15,339,undirected,3
503,209,undirected,3
6,9,undirected,3
27,325,undirected,3
38,11,undirected,3
36,657,undirected,3
71,29,undirected,3
11,71,undirected,3
10,326,undirected,3
241,112,undirected,3
241,448,undirected,3
112,448,undirected,3
112,168,undirected,3
112,480,undirected,3
168,480,undirected,3
11,119,undirected,3
48,658,undirected,3
504,109,undirected,3
47,199,undirected,3
505,119,undirected,3
21,233,undirected,3
66,246,undirected,3
38,70,undirected,3
294,485,undirected,3
506,659,undirected,3
507,109,undirected,2
188,660,undirected,2
40,661,undirected,2
226,325,undirected,2
111,112,undirected,2
111,375,undirected,2
112,375,undirected,2
508,653,undirected,2
509,45,undirected,2
503,403,undirected,2
66,184,undirected,2
66,417,undirected,2
184,185,undirected,2
184,417,undirected,2
185,417,undirected,2
38,347,undirected,2
53,71,undirected,2
17,369,undirected,2
510,591,undirected,2
243,325,undirected,2
4,1,undirected,2
4,6,undirected,2
511,81,undirected,2
11,662,undirected,2
6,347,undirected,2
17,18,undirected,2
17,329,undirected,2
18,329,undirected,2
161,18,undirected,2
29,512,undirected,2
29,496,undirected,2
512,496,undirected,2
6,500,undirected,2
11,26,undirected,2
108,663,undirected,2
513,44,undirected,2
119,664,undirected,2
514,66,undirected,2
514,185,undirected,2
515,665,undirected,2
209,666,undirected,2
141,66,undirected,2
516,19,undirected,2
53,94,undirected,2
517,66,undirected,2
517,440,undirected,2
66,440,undirected,2
88,35,undirected,2
1,500,undirected,2
500,15,undirected,2
29,667,undirected,2
518,94,undirected,2
519,414,undirected,2
88,29,undirected,2
187,668,undirected,2
503,520,undirected,2
520,209,undirected,2
9,94,undirected,2
27,331,undirected,2
11,7,undirected,2
7,331,undirected,2
331,41,undirected,2
331,325,undirected,2
41,325,undirected,2
108,619,undirected,2
47,58,undirected,2
38,656,undirected,2
521,469,undirected,2
521,501,undirected,2
521,360,undirected,2
503,669,undirected,2
249,522,undirected,2
249,396,undirected,2
522,396,undirected,2
61,339,undirected,2
339,94,undirected,2
11,359,undirected,2
7,10,undirected,2
403,224,undirected,2
10,670,undirected,2
29,119,undirected,2
523,671,undirected,2
108,524,undirected,2
108,672,undirected,2
524,672,undirected,2
25,24,undirected,2
525,673,undirected,2
16,94,undirected,2
188,420,undirected,2
526,41,undirected,2
527,336,undirected,2
81,674,undirected,2
39,335,undirected,2
528,41,undirected,2
529,69,undirected,2
47,209,undirected,2
199,209,undirected,2
306,377,undirected,2
530,675,undirected,2
299,83,undirected,2
1,67,undirected,2
139,438,undirected,2
31,32,undirected,2
31,33,undirected,2
31,16,undirected,2
32,33,undirected,2
32,16,undirected,2
33,16,undirected,2
531,473,undirected,2
44,508,undirected,2
38,6,undirected,2
6,70,undirected,2
176,446,undirected,2
262,66,undirected,2
248,209,undirected,2
25,15,undirected,2
11,532,undirected,2
532,373,undirected,2
265,139,undirected,2
359,373,undirected,2
19,676,undirected,2
533,642,undirected,2
153,209,undirected,2
267,19,undirected,2
267,677,undirected,2
19,677,undirected,2
382,209,undirected,2
48,26,undirected,2
94,363,undirected,2
261,17,undirected,2
98,109,undirected,2
88,71,undirected,2
158,96,undirected,2
1,5,undirected,2
139,598,undirected,2
48,555,undirected,2
187,678,undirected,2
478,679,undirected,2
506,534,undirected,2
534,659,undirected,2
300,121,undirected,2
48,325,undirected,2
135,36,undirected,2
135,308,undirected,2
36,308,undirected,2
535,147,undirected,2
535,328,undirected,2
147,328,undirected,2
536,112,undirected,2
536,680,undirected,2
112,680,undirected,2
25,13,undirected,2
101,369,undirected,2
537,659,undirected,1
1,70,undirected,1
538,338,undirected,1
352,347,undirected,1
503,681,undirected,1
103,371,undirected,1
137,284,undirected,1
19,682,undirected,1
517,683,undirected,1
511,74,undirected,1
513,539,undirected,1
513,540,undirected,1
513,508,undirected,1
513,541,undirected,1
513,653,undirected,1
539,540,undirected,1
539,508,undirected,1
539,541,undirected,1
539,653,undirected,1
540,508,undirected,1
540,541,undirected,1
540,653,undirected,1
508,541,undirected,1
541,653,undirected,1
542,543,undirected,1
542,684,undirected,1
543,684,undirected,1
544,488,undirected,1
544,685,undirected,1
488,685,undirected,1
38,67,undirected,1
545,41,undirected,1
503,686,undirected,1
61,347,undirected,1
80,44,undirected,1
80,337,undirected,1
82,546,undirected,1
82,547,undirected,1
82,102,undirected,1
546,547,undirected,1
546,102,undirected,1
547,102,undirected,1
116,83,undirected,1
46,47,undirected,1
46,49,undirected,1
47,49,undirected,1
45,338,undirected,1
548,137,undirected,1
548,308,undirected,1
137,308,undirected,1
121,231,undirected,1
549,339,undirected,1
49,267,undirected,1
122,381,undirected,1
53,550,undirected,1
53,687,undirected,1
550,687,undirected,1
130,65,undirected,1
130,385,undirected,1
65,385,undirected,1
19,121,undirected,1
551,33,undirected,1
551,279,undirected,1
33,279,undirected,1
213,423,undirected,1
19,185,undirected,1
11,15,undirected,1
26,15,undirected,1
137,389,undirected,1
58,330,undirected,1
513,552,undirected,1
513,553,undirected,1
513,688,undirected,1
552,44,undirected,1
552,553,undirected,1
552,688,undirected,1
44,553,undirected,1
44,688,undirected,1
553,688,undirected,1
40,689,undirected,1
554,107,undirected,1
555,471,undirected,1
265,82,undirected,1
265,207,undirected,1
82,207,undirected,1
556,690,undirected,1
140,33,undirected,1
141,142,undirected,1
141,89,undirected,1
142,66,undirected,1
142,89,undirected,1
66,89,undirected,1
34,473,undirected,1
513,40,undirected,1
557,239,undirected,1
11,691,undirected,1
558,508,undirected,1
558,692,undirected,1
508,692,undirected,1
209,21,undirected,1
150,398,undirected,1
282,693,undirected,1
559,368,undirected,1
139,694,undirected,1
158,159,undirected,1
158,402,undirected,1
159,402,undirected,1
403,610,undirected,1
64,341,undirected,1
51,52,undirected,1
51,12,undirected,1
51,119,undirected,1
52,12,undirected,1
52,119,undirected,1
12,119,undirected,1
27,2,undirected,1
46,695,undirected,1
560,696,undirected,1
46,697,undirected,1
561,562,undirected,1
561,698,undirected,1
562,698,undirected,1
72,563,undirected,1
72,699,undirected,1
563,699,undirected,1
555,339,undirected,1
144,109,undirected,1
564,700,undirected,1
565,701,undirected,1
18,566,undirected,1
18,518,undirected,1
566,518,undirected,1
92,47,undirected,1
463,676,undirected,1
567,220,undirected,1
148,16,undirected,1
568,702,undirected,1
82,703,undirected,1
145,10,undirected,1
108,569,undirected,1
108,704,undirected,1
569,704,undirected,1
11,327,undirected,1
27,11,undirected,1
11,41,undirected,1
570,705,undirected,1
569,15,undirected,1
569,706,undirected,1
15,706,undirected,1
21,16,undirected,1
174,410,undirected,1
176,411,undirected,1
213,571,undirected,1
213,430,undirected,1
571,430,undirected,1
61,6,undirected,1
61,500,undirected,1
61,94,undirected,1
500,94,undirected,1
48,70,undirected,1
572,707,undirected,1
555,708,undirected,1
83,709,undirected,1
280,90,undirected,1
467,324,undirected,1
467,360,undirected,1
324,360,undirected,1
298,187,undirected,1
63,29,undirected,1
63,119,undirected,1
10,325,undirected,1
326,325,undirected,1
573,396,undirected,1
39,154,undirected,1
11,693,undirected,1
359,532,undirected,1
62,247,undirected,1
18,332,undirected,1
119,94,undirected,1
574,61,undirected,1
574,67,undirected,1
61,67,undirected,1
282,325,undirected,1
414,325,undirected,1
190,44,undirected,1
34,710,undirected,1
92,199,undirected,1
575,576,undirected,1
575,577,undirected,1
575,473,undirected,1
576,577,undirected,1
576,473,undirected,1
577,473,undirected,1
1,12,undirected,1
12,15,undirected,1
467,220,undirected,1
467,533,undirected,1
467,711,undirected,1
220,533,undirected,1
220,711,undirected,1
533,711,undirected,1
578,579,undirected,1
578,580,undirected,1
578,581,undirected,1
578,607,undirected,1
579,580,undirected,1
579,581,undirected,1
579,607,undirected,1
580,581,undirected,1
580,607,undirected,1
581,607,undirected,1
80,265,undirected,1
69,345,undirected,1
80,139,undirected,1
463,391,undirected,1
10,712,undirected,1
11,713,undirected,1
513,47,undirected,1
47,44,undirected,1
71,347,undirected,1
582,347,undirected,1
54,199,undirected,1
54,328,undirected,1
54,233,undirected,1
199,328,undirected,1
199,233,undirected,1
328,233,undirected,1
583,185,undirected,1
503,61,undirected,1
403,113,undirected,1
403,328,undirected,1
113,328,undirected,1
584,714,undirected,1
44,148,undirected,1
1,715,undirected,1
207,427,undirected,1
585,505,undirected,1
585,119,undirected,1
7,716,undirected,1
41,716,undirected,1
503,717,undirected,1
215,32,undirected,1
215,356,undirected,1
32,356,undirected,1
92,60,undirected,1
220,185,undirected,1
176,434,undirected,1
68,373,undirected,1
132,109,undirected,1
503,35,undirected,1
503,7,undirected,1
503,718,undirected,1
35,7,undirected,1
35,718,undirected,1
7,718,undirected,1
15,67,undirected,1
225,437,undirected,1
586,719,undirected,1
469,328,undirected,1
501,328,undirected,1
360,328,undirected,1
587,237,undirected,1
147,666,undirected,1
588,720,undirected,1
282,41,undirected,1
41,414,undirected,1
589,590,undirected,1
589,15,undirected,1
590,15,undirected,1
591,582,undirected,1
592,593,undirected,1
592,476,undirected,1
593,476,undirected,1
594,595,undirected,1
594,64,undirected,1
594,460,undirected,1
595,64,undirected,1
595,460,undirected,1
64,460,undirected,1
262,121,undirected,1
31,34,undirected,1
32,34,undirected,1
33,34,undirected,1
34,16,undirected,1
596,29,undirected,1
597,721,undirected,1
22,598,undirected,1
22,722,undirected,1
598,722,undirected,1
89,248,undirected,1
214,338,undirected,1
92,16,undirected,1
119,373,undirected,1
599,723,undirected,1
158,66,undirected,1
158,44,undirected,1
66,44,undirected,1
600,658,undirected,1
545,724,undirected,1
10,29,undirected,1
102,34,undirected,1
601,602,undirected,1
601,485,undirected,1
602,485,undirected,1
603,39,undirected,1
137,347,undirected,1
37,334,undirected,1
40,315,undirected,1
40,356,undirected,1
315,356,undirected,1
38,61,undirected,1
403,209,undirected,1
160,15,undirected,1
153,454,undirected,1
604,112,undirected,1
604,605,undirected,1
604,237,undirected,1
112,605,undirected,1
112,237,undirected,1
605,237,undirected,1
57,206,undirected,1
592,209,undirected,1
248,233,undirected,1
209,233,undirected,1
606,392,undirected,1
388,486,undirected,1
388,725,undirected,1
486,725,undirected,1
48,346,undirected,1
40,726,undirected,1
607,147,undirected,1
250,251,undirected,1
250,252,undirected,1
250,455,undirected,1
251,252,undirected,1
251,455,undirected,1
252,455,undirected,1
48,61,undirected,1
46,727,undirected,1
256,19,undirected,1
256,300,undirected,1
19,300,undirected,1
230,50,undirected,1
230,370,undirected,1
50,370,undirected,1
108,728,undirected,1
15,325,undirected,1
87,608,undirected,1
608,99,undirected,1
503,689,undirected,1
25,373,undirected,1
26,9,undirected,1
261,463,undirected,1
359,729,undirected,1
192,196,undirected,1
192,263,undirected,1
192,401,undirected,1
196,263,undirected,1
196,401,undirected,1
263,401,undirected,1
49,21,undirected,1
49,730,undirected,1
21,730,undirected,1
66,33,undirected,1
561,731,undirected,1
22,224,undirected,1
609,174,undirected,1
609,732,undirected,1
174,732,undirected,1
467,89,undirected,1
467,610,undirected,1
467,733,undirected,1
89,610,undirected,1
89,733,undirected,1
610,733,undirected,1
95,96,undirected,1
95,97,undirected,1
95,364,undirected,1
96,97,undirected,1
96,364,undirected,1
97,364,undirected,1
611,71,undirected,1
612,19,undirected,1
612,233,undirected,1
19,233,undirected,1
61,613,undirected,1
61,9,undirected,1
61,137,undirected,1
613,9,undirected,1
613,137,undirected,1
9,137,undirected,1
614,70,undirected,1
38,47,undirected,1
47,70,undirected,1
71,363,undirected,1
615,347,undirected,1
41,734,undirected,1
267,109,undirected,1
616,168,undirected,1
616,535,undirected,1
168,535,undirected,1
29,94,undirected,1
29,363,undirected,1
19,360,undirected,1
70,346,undirected,1
83,446,undirected,1
30,333,undirected,1
617,735,undirected,1
153,736,undirected,1
270,468,undirected,1
148,411,undirected,1
88,56,undirected,1
56,71,undirected,1
4,5,undirected,1
618,71,undirected,1
619,137,undirected,1
503,370,undirected,1
503,737,undirected,1
331,738,undirected,1
620,239,undirected,1
620,739,undirected,1
239,739,undirected,1
621,6,undirected,1
360,171,undirected,1
273,473,undirected,1
66,274,undirected,1
66,269,undirected,1
66,281,undirected,1
274,269,undirected,1
274,281,undirected,1
269,281,undirected,1
40,199,undirected,1
123,89,undirected,1
123,740,undirected,1
89,740,undirected,1
275,276,undirected,1
275,475,undirected,1
276,475,undirected,1
213,741,undirected,1
622,623,undirected,1
622,338,undirected,1
623,338,undirected,1
624,742,undirected,1
102,328,undirected,1
266,465,undirected,1
221,222,undirected,1
221,433,undirected,1
222,433,undirected,1
625,338,undirected,1
82,44,undirected,1
82,542,undirected,1
82,626,undirected,1
82,329,undirected,1
44,542,undirected,1
44,626,undirected,1
44,329,undirected,1
542,626,undirected,1
542,329,undirected,1
626,329,undirected,1
19,20,undirected,1
19,21,undirected,1
19,330,undirected,1
20,21,undirected,1
20,330,undirected,1
21,330,undirected,1
80,32,undirected,1
80,82,undirected,1
80,195,undirected,1
32,82,undirected,1
32,195,undirected,1
82,195,undirected,1
627,19,undirected,1
22,677,undirected,1
139,743,undirected,1
545,119,undirected,1
141,246,undirected,1
300,744,undirected,1
192,628,undirected,1
192,745,undirected,1
628,745,undirected,1
70,746,undirected,1
44,309,undirected,1
44,653,undirected,1
309,508,undirected,1
309,653,undirected,1
22,220,undirected,1
40,629,undirected,1
40,233,undirected,1
629,233,undirected,1
27,1,undirected,1
630,747,undirected,1
531,121,undirected,1
631,40,undirected,1
10,471,undirected,1
326,471,undirected,1
632,748,undirected,1
25,633,undirected,1
633,13,undirected,1
633,24,undirected,1
633,327,undirected,1
13,24,undirected,1
13,327,undirected,1
24,327,undirected,1
48,634,undirected,1
48,13,undirected,1
26,634,undirected,1
26,13,undirected,1
26,555,undirected,1
634,13,undirected,1
634,555,undirected,1
13,555,undirected,1
287,288,undirected,1
287,482,undirected,1
288,482,undirected,1
40,195,undirected,1
54,22,undirected,1
54,55,undirected,1
54,154,undirected,1
22,55,undirected,1
22,154,undirected,1
55,154,undirected,1
289,50,undirected,1
289,367,undirected,1
50,367,undirected,1
635,684,undirected,1
636,167,undirected,1
5,9,undirected,1
5,67,undirected,1
9,67,undirected,1
293,484,undirected,1
101,33,undirected,1
33,369,undirected,1
158,47,undirected,1
158,142,undirected,1
158,411,undirected,1
47,142,undirected,1
47,411,undirected,1
142,411,undirected,1
246,427,undirected,1
414,687,undirected,1
89,360,undirected,1
637,749,undirected,1
638,373,undirected,1
298,338,undirected,1
639,689,undirected,1
616,47,undirected,1
7,528,undirected,1
528,331,undirected,1
528,325,undirected,1
1,119,undirected,1
610,309,undirected,1
610,360,undirected,1
610,473,undirected,1
309,360,undirected,1
309,473,undirected,1
360,473,undirected,1
1,679,undirected,1
261,461,undirected,1
640,641,undirected,1
640,185,undirected,1
641,185,undirected,1
10,750,undirected,1
192,751,undirected,1
533,752,undirected,1
642,752,undirected,1
323,753,undirected,1
643,248,undirected,1
643,754,undirected,1
248,754,undirected,1
644,410,undirected,1
581,645,undirected,1
581,646,undirected,1
581,755,undirected,1
645,646,undirected,1
645,755,undirected,1
646,755,undirected,1
88,359,undirected,1
87,756,undirected,1
99,756,undirected,1
66,248,undirected,1
66,209,undirected,1
66,337,undirected,1
248,337,undirected,1
209,337,undirected,1
145,119,undirected,1
647,71,undirected,1
530,121,undirected,1
648,21,undirected,1
648,649,undirected,1
648,439,undirected,1
21,649,undirected,1
21,439,undirected,1
649,439,undirected,1
60,147,undirected,1
40,310,undirected,1
40,355,undirected,1
310,355,undirected,1
38,119,undirected,1
140,97,undirected,1
102,336,undirected,1
34,328,undirected,1
7,757,undirected,1
48,35,undirected,1
48,496,undirected,1
35,496,undirected,1
61,758,undirected,1
650,327,undirected,1
300,318,undirected,1
10,119,undirected,1
326,119,undirected,1
651,338,undirected,1
193,500,undirected,1
193,339,undirected,1
652,759,undirected,1
47,123,undirected,1
47,653,undirected,1
47,231,undirected,1
123,653,undirected,1
123,231,undirected,1
653,231,undirected,1
318,392,undirected,1
654,760,undirected,1
199,21,undirected,1
40,89,undirected,1
300,761,undirected,1
309,762,undirected,1
83,231,undirected,1
100,368,undirected,1
359,655,undirected,1
359,135,undirected,1
359,29,undirected,1
359,380,undirected,1
655,135,undirected,1
655,71,undirected,1
655,29,undirected,1
655,380,undirected,1
135,71,undirected,1
135,29,undirected,1
135,380,undirected,1
71,380,undirected,1
29,380,undirected,1
138,390,undirected,1
11,656,undirected,30
5,9,undirected,23
25,327,undirected,19
500,339,undirected,17
35,29,undirected,15
1,15,undirected,8
1,5,undirected,8
1,9,undirected,8
6,5,undirected,6
6,9,undirected,6
5,67,undirected,5
9,67,undirected,5
11,325,undirected,5
2,325,undirected,5
763,94,undirected,5
11,765,undirected,5
591,582,undirected,5
331,738,undirected,5
21,360,undirected,4
1,6,undirected,4
519,90,undirected,4
6,500,undirected,4
6,339,undirected,4
764,855,undirected,4
48,325,undirected,4
56,29,undirected,4
44,666,undirected,4
765,656,undirected,4
36,308,undirected,4
15,94,undirected,3
226,325,undirected,3
1,67,undirected,3
6,67,undirected,3
227,176,undirected,3
11,2,undirected,3
61,799,undirected,3
386,766,undirected,3
386,109,undirected,3
766,109,undirected,3
14,284,undirected,3
767,18,undirected,3
767,607,undirected,3
767,247,undirected,3
18,607,undirected,3
18,247,undirected,3
607,247,undirected,3
359,855,undirected,3
1,895,undirected,3
71,308,undirected,3
328,335,undirected,3
768,176,undirected,3
768,896,undirected,3
176,896,undirected,3
38,366,undirected,3
123,44,undirected,3
123,666,undirected,3
769,207,undirected,3
770,41,undirected,3
771,15,undirected,3
70,15,undirected,3
265,458,undirected,3
11,71,undirected,3
71,29,undirected,3
71,656,undirected,3
21,328,undirected,3
71,94,undirected,3
772,897,undirected,3
773,94,undirected,3
147,666,undirected,3
774,5,undirected,3
774,9,undirected,3
71,325,undirected,3
25,24,undirected,3
10,750,undirected,3
90,11,undirected,3
27,6,undirected,2
689,726,undirected,2
689,21,undirected,2
726,21,undirected,2
101,898,undirected,2
11,464,undirected,2
70,347,undirected,2
775,284,undirected,2
591,855,undirected,2
359,816,undirected,2
359,71,undirected,2
681,666,undirected,2
139,300,undirected,2
265,19,undirected,2
186,94,undirected,2
614,5,undirected,2
614,9,undirected,2
331,361,undirected,2
738,361,undirected,2
71,186,undirected,2
26,70,undirected,2
323,40,undirected,2
776,328,undirected,2
776,335,undirected,2
53,582,undirected,2
543,131,undirected,2
516,19,undirected,2
117,112,undirected,2
117,333,undirected,2
112,333,undirected,2
756,308,undirected,2
363,658,undirected,2
108,838,undirected,2
777,19,undirected,2
778,805,undirected,2
681,119,undirected,2
323,666,undirected,2
61,70,undirected,2
63,119,undirected,2
779,330,undirected,2
779,336,undirected,2
779,328,undirected,2
330,336,undirected,2
330,328,undirected,2
336,328,undirected,2
2,15,undirected,2
738,899,undirected,2
265,900,undirected,2
569,15,undirected,2
569,706,undirected,2
15,706,undirected,2
513,44,undirected,2
780,265,undirected,2
780,458,undirected,2
11,29,undirected,2
514,66,undirected,2
61,500,undirected,2
781,21,undirected,2
781,328,undirected,2
331,782,undirected,2
331,899,undirected,2
782,899,undirected,2
36,656,undirected,2
656,308,undirected,2
325,658,undirected,2
775,14,undirected,2
783,308,undirected,2
36,843,undirected,2
784,380,undirected,2
785,29,undirected,2
25,13,undirected,2
48,186,undirected,2
53,359,undirected,2
738,901,undirected,2
769,786,undirected,2
786,207,undirected,2
31,265,undirected,2
31,170,undirected,2
265,170,undirected,2
639,94,undirected,2
56,71,undirected,2
583,185,undirected,2
787,693,undirected,2
788,308,undirected,2
788,496,undirected,2
308,496,undirected,2
774,6,undirected,2
39,676,undirected,2
789,64,undirected,2
789,185,undirected,2
64,185,undirected,2
666,730,undirected,2
790,464,undirected,2
594,595,undirected,2
594,64,undirected,2
594,460,undirected,2
595,64,undirected,2
595,460,undirected,2
64,460,undirected,2
82,267,undirected,2
82,21,undirected,2
267,21,undirected,2
262,391,undirected,2
574,11,undirected,2
574,765,undirected,2
574,656,undirected,2
791,818,undirected,2
377,233,undirected,2
792,21,undirected,2
2,94,undirected,2
61,325,undirected,2
265,33,undirected,2
147,328,undirected,2
7,89,undirected,2
7,856,undirected,2
89,856,undirected,2
774,15,undirected,2
467,502,undirected,2
467,157,undirected,2
467,246,undirected,2
502,157,undirected,2
502,246,undirected,2
157,246,undirected,2
48,658,undirected,2
793,902,undirected,2
11,368,undirected,2
368,656,undirected,2
533,642,undirected,2
7,10,undirected,2
108,663,undirected,2
137,284,undirected,2
794,70,undirected,2
288,804,undirected,2
48,53,undirected,2
795,308,undirected,1
538,338,undirected,1
103,371,undirected,1
21,335,undirected,1
796,10,undirected,1
407,555,undirected,1
101,55,undirected,1
55,898,undirected,1
11,100,undirected,1
100,464,undirected,1
797,186,undirected,1
693,903,undirected,1
88,817,undirected,1
775,71,undirected,1
199,904,undirected,1
61,347,undirected,1
49,518,undirected,1
49,666,undirected,1
518,666,undirected,1
676,207,undirected,1
11,94,undirected,1
510,591,undirected,1
70,903,undirected,1
798,815,undirected,1
11,61,undirected,1
11,799,undirected,1
61,765,undirected,1
799,765,undirected,1
800,380,undirected,1
801,441,undirected,1
802,905,undirected,1
61,2,undirected,1
49,267,undirected,1
122,381,undirected,1
803,121,undirected,1
566,439,undirected,1
47,818,undirected,1
804,903,undirected,1
639,906,undirected,1
121,805,undirected,1
121,453,undirected,1
805,453,undirected,1
359,137,undirected,1
806,807,undirected,1
806,808,undirected,1
806,907,undirected,1
807,808,undirected,1
807,907,undirected,1
808,907,undirected,1
19,121,undirected,1
68,660,undirected,1
64,908,undirected,1
359,775,undirected,1
61,15,undirected,1
53,420,undirected,1
1,809,undirected,1
809,895,undirected,1
554,107,undirected,1
11,331,undirected,1
472,810,undirected,1
472,430,undirected,1
810,430,undirected,1
359,373,undirected,1
32,330,undirected,1
36,137,undirected,1
36,909,undirected,1
137,909,undirected,1
71,582,undirected,1
811,121,undirected,1
591,910,undirected,1
812,911,undirected,1
186,308,undirected,1
669,101,undirected,1
669,44,undirected,1
669,813,undirected,1
669,653,undirected,1
101,44,undirected,1
101,813,undirected,1
101,653,undirected,1
44,813,undirected,1
44,653,undirected,1
813,653,undirected,1
213,912,undirected,1
814,815,undirected,1
814,427,undirected,1
815,427,undirected,1
181,913,undirected,1
513,40,undirected,1
557,239,undirected,1
610,34,undirected,1
816,914,undirected,1
817,528,undirected,1
6,895,undirected,1
53,915,undirected,1
559,368,undirected,1
403,610,undirected,1
592,818,undirected,1
592,916,undirected,1
818,916,undirected,1
527,336,undirected,1
87,549,undirected,1
39,792,undirected,1
267,778,undirected,1
267,805,undirected,1
639,328,undirected,1
639,335,undirected,1
29,119,undirected,1
517,66,undirected,1
517,440,undirected,1
66,440,undirected,1
46,695,undirected,1
560,696,undirected,1
561,562,undirected,1
561,698,undirected,1
562,698,undirected,1
555,339,undirected,1
616,515,undirected,1
616,265,undirected,1
515,265,undirected,1
63,528,undirected,1
2,347,undirected,1
819,109,undirected,1
516,33,undirected,1
323,121,undirected,1
121,666,undirected,1
61,917,undirected,1
70,917,undirected,1
567,220,undirected,1
22,761,undirected,1
555,471,undirected,1
226,2,undirected,1
770,7,undirected,1
7,41,undirected,1
44,231,undirected,1
44,820,undirected,1
44,677,undirected,1
231,820,undirected,1
231,677,undirected,1
820,677,undirected,1
88,29,undirected,1
153,209,undirected,1
153,682,undirected,1
209,682,undirected,1
503,520,undirected,1
503,209,undirected,1
520,209,undirected,1
2,70,undirected,1
540,918,undirected,1
555,919,undirected,1
27,7,undirected,1
775,658,undirected,1
70,94,undirected,1
47,89,undirected,1
47,21,undirected,1
47,920,undirected,1
89,21,undirected,1
89,920,undirected,1
21,920,undirected,1
47,58,undirected,1
38,11,undirected,1
38,656,undirected,1
765,71,undirected,1
765,29,undirected,1
29,656,undirected,1
83,921,undirected,1
213,571,undirected,1
213,430,undirected,1
571,430,undirected,1
514,78,undirected,1
66,78,undirected,1
36,131,undirected,1
131,308,undirected,1
249,522,undirected,1
249,396,undirected,1
522,396,undirected,1
61,6,undirected,1
61,339,undirected,1
61,94,undirected,1
6,94,undirected,1
500,94,undirected,1
339,94,undirected,1
83,709,undirected,1
193,775,undirected,1
467,324,undirected,1
467,360,undirected,1
324,360,undirected,1
12,922,undirected,1
108,923,undirected,1
108,137,undirected,1
821,924,undirected,1
21,822,undirected,1
21,666,undirected,1
822,666,undirected,1
823,45,undirected,1
775,36,undirected,1
391,454,undirected,1
689,71,undirected,1
689,94,undirected,1
523,671,undirected,1
11,693,undirected,1
728,160,undirected,1
190,411,undirected,1
190,754,undirected,1
411,754,undirected,1
6,347,undirected,1
138,318,undirected,1
153,925,undirected,1
592,267,undirected,1
824,926,undirected,1
584,714,undirected,1
825,591,undirected,1
826,359,undirected,1
827,7,undirected,1
827,716,undirected,1
7,716,undirected,1
188,602,undirected,1
188,927,undirected,1
602,927,undirected,1
11,713,undirected,1
513,47,undirected,1
47,44,undirected,1
66,332,undirected,1
828,928,undirected,1
829,83,undirected,1
48,26,undirected,1
48,9,undirected,1
48,929,undirected,1
26,9,undirected,1
26,929,undirected,1
9,929,undirected,1
830,930,undirected,1
323,831,undirected,1
323,33,undirected,1
831,33,undirected,1
832,833,undirected,1
832,834,undirected,1
832,835,undirected,1
832,36,undirected,1
832,931,undirected,1
833,834,undirected,1
833,835,undirected,1
833,36,undirected,1
833,931,undirected,1
834,835,undirected,1
834,36,undirected,1
834,931,undirected,1
835,36,undirected,1
835,931,undirected,1
36,931,undirected,1
836,500,undirected,1
836,339,undirected,1
837,467,undirected,1
837,19,undirected,1
837,50,undirected,1
467,19,undirected,1
467,50,undirected,1
19,50,undirected,1
775,56,undirected,1
569,838,undirected,1
569,932,undirected,1
838,932,undirected,1
76,933,undirected,1
265,934,undirected,1
509,935,undirected,1
153,936,undirected,1
205,772,undirected,1
205,897,undirected,1
188,420,undirected,1
27,11,undirected,1
299,83,undirected,1
83,937,undirected,1
503,35,undirected,1
503,7,undirected,1
503,718,undirected,1
35,7,undirected,1
35,718,undirected,1
7,718,undirected,1
1,614,undirected,1
614,6,undirected,1
614,67,undirected,1
839,666,undirected,1
839,730,undirected,1
560,161,undirected,1
11,24,undirected,1
56,658,undirected,1
29,658,undirected,1
69,411,undirected,1
69,439,undirected,1
411,439,undirected,1
840,94,undirected,1
841,938,undirected,1
842,939,undirected,1
1,929,undirected,1
66,246,undirected,1
69,766,undirected,1
69,148,undirected,1
766,148,undirected,1
262,121,undirected,1
39,533,undirected,1
323,44,undirected,1
24,327,undirected,1
843,264,undirected,1
844,33,undirected,1
22,598,undirected,1
22,722,undirected,1
598,722,undirected,1
109,940,undirected,1
89,248,undirected,1
599,723,undirected,1
158,66,undirected,1
158,44,undirected,1
66,44,undirected,1
728,41,undirected,1
182,183,undirected,1
845,101,undirected,1
845,66,undirected,1
845,274,undirected,1
845,269,undirected,1
845,846,undirected,1
845,683,undirected,1
101,66,undirected,1
101,274,undirected,1
101,269,undirected,1
101,846,undirected,1
101,683,undirected,1
66,274,undirected,1
66,269,undirected,1
66,846,undirected,1
66,683,undirected,1
274,269,undirected,1
274,846,undirected,1
274,683,undirected,1
269,846,undirected,1
269,683,undirected,1
846,683,undirected,1
12,119,undirected,1
12,941,undirected,1
119,941,undirected,1
601,602,undirected,1
601,485,undirected,1
602,485,undirected,1
1,120,undirected,1
847,938,undirected,1
616,47,undirected,1
25,942,undirected,1
765,347,undirected,1
87,308,undirected,1
848,403,undirected,1
848,233,undirected,1
403,233,undirected,1
775,414,undirected,1
414,284,undirected,1
160,15,undirected,1
10,331,undirected,1
10,943,undirected,1
604,112,undirected,1
604,605,undirected,1
604,237,undirected,1
112,605,undirected,1
112,237,undirected,1
605,237,undirected,1
21,330,undirected,1
849,112,undirected,1
92,147,undirected,1
92,328,undirected,1
69,944,undirected,1
388,486,undirected,1
388,725,undirected,1
486,725,undirected,1
39,47,undirected,1
39,265,undirected,1
47,265,undirected,1
743,300,undirected,1
703,945,undirected,1
40,726,undirected,1
250,251,undirected,1
250,252,undirected,1
250,455,undirected,1
251,252,undirected,1
251,455,undirected,1
252,455,undirected,1
11,532,undirected,1
11,373,undirected,1
532,373,undirected,1
119,946,undirected,1
135,325,undirected,1
40,670,undirected,1
514,185,undirected,1
66,185,undirected,1
35,947,undirected,1
153,948,undirected,1
850,691,undirected,1
850,331,undirected,1
691,331,undirected,1
681,147,undirected,1
27,851,undirected,1
27,852,undirected,1
27,853,undirected,1
27,75,undirected,1
851,852,undirected,1
851,853,undirected,1
851,75,undirected,1
852,853,undirected,1
852,75,undirected,1
853,75,undirected,1
204,5,undirected,1
204,9,undirected,1
503,689,undirected,1
27,38,undirected,1
634,347,undirected,1
854,949,undirected,1
407,656,undirected,1
119,687,undirected,1
145,656,undirected,1
155,70,undirected,1
561,731,undirected,1
11,816,undirected,1
855,373,undirected,1
681,265,undirected,1
681,726,undirected,1
265,726,undirected,1
11,795,undirected,1
656,795,undirected,1
728,817,undirected,1
609,174,undirected,1
609,732,undirected,1
174,732,undirected,1
193,950,undirected,1
611,71,undirected,1
267,19,undirected,1
267,677,undirected,1
19,677,undirected,1
7,23,undirected,1
7,951,undirected,1
89,23,undirected,1
89,951,undirected,1
23,856,undirected,1
23,951,undirected,1
856,951,undirected,1
5,952,undirected,1
9,952,undirected,1
857,44,undirected,1
393,119,undirected,1
158,109,undirected,1
7,924,undirected,1
382,209,undirected,1
70,346,undirected,1
70,953,undirected,1
346,953,undirected,1
838,954,undirected,1
858,19,undirected,1
359,763,undirected,1
88,119,undirected,1
88,955,undirected,1
119,955,undirected,1
859,265,undirected,1
859,139,undirected,1
265,139,undirected,1
83,446,undirected,1
503,681,undirected,1
153,736,undirected,1
681,347,undirected,1
270,468,undirected,1
53,956,undirected,1
261,17,undirected,1
505,119,undirected,1
325,347,undirected,1
618,71,undirected,1
55,396,undirected,1
503,370,undirected,1
35,693,undirected,1
693,29,undirected,1
13,327,undirected,1
620,239,undirected,1
620,739,undirected,1
239,739,undirected,1
569,860,undirected,1
569,29,undirected,1
860,29,undirected,1
861,193,undirected,1
861,500,undirected,1
861,339,undirected,1
193,500,undirected,1
193,339,undirected,1
92,21,undirected,1
112,862,undirected,1
112,949,undirected,1
862,949,undirected,1
863,308,undirected,1
864,265,undirected,1
864,957,undirected,1
265,957,undirected,1
187,678,undirected,1
359,658,undirected,1
713,331,undirected,1
713,738,undirected,1
713,361,undirected,1
713,901,undirected,1
331,901,undirected,1
361,901,undirected,1
275,276,undirected,1
275,475,undirected,1
276,475,undirected,1
865,403,undirected,1
865,958,undirected,1
403,958,undirected,1
213,741,undirected,1
15,959,undirected,1
266,465,undirected,1
221,222,undirected,1
221,433,undirected,1
222,433,undirected,1
262,257,undirected,1
821,659,undirected,1
11,359,undirected,1
866,960,undirected,1
528,41,undirected,1
135,36,undirected,1
135,308,undirected,1
867,961,undirected,1
1,61,undirected,1
82,328,undirected,1
331,613,undirected,1
41,74,undirected,1
22,220,undirected,1
70,71,undirected,1
70,929,undirected,1
71,929,undirected,1
61,29,undirected,1
868,962,undirected,1
76,100,undirected,1
869,29,undirected,1
870,963,undirected,1
94,363,undirected,1
536,112,undirected,1
536,680,undirected,1
112,680,undirected,1
763,61,undirected,1
763,964,undirected,1
61,964,undirected,1
871,965,undirected,1
108,966,undirected,1
262,66,undirected,1
68,75,undirected,1
352,347,undirected,1
535,147,undirected,1
535,328,undirected,1
38,70,undirected,1
592,391,undirected,1
43,11,undirected,1
43,264,undirected,1
11,264,undirected,1
872,81,undirected,1
637,749,undirected,1
639,689,undirected,1
610,309,undirected,1
610,360,undirected,1
610,473,undirected,1
309,360,undirected,1
309,473,undirected,1
360,473,undirected,1
192,870,undirected,1
192,967,undirected,1
870,967,undirected,1
533,752,undirected,1
642,752,undirected,1
323,753,undirected,1
531,473,undirected,1
838,784,undirected,1
838,380,undirected,1
44,440,undirected,1
29,968,undirected,1
873,821,undirected,1
265,969,undirected,1
6,15,undirected,1
153,259,undirected,1
153,642,undirected,1
259,642,undirected,1
874,427,undirected,1
66,248,undirected,1
66,209,undirected,1
66,337,undirected,1
248,209,undirected,1
248,337,undirected,1
209,337,undirected,1
135,875,undirected,1
135,895,undirected,1
875,895,undirected,1
8,816,undirected,1
8,471,undirected,1
816,471,undirected,1
27,555,undirected,1
90,656,undirected,1
876,970,undirected,1
877,339,undirected,1
40,224,undirected,1
878,971,undirected,1
265,328,undirected,1
324,703,undirected,1
879,666,undirected,1
879,730,undirected,1
530,121,undirected,1
265,880,undirected,1
265,335,undirected,1
880,335,undirected,1
528,29,undirected,1
48,327,undirected,1
648,21,undirected,1
648,649,undirected,1
648,439,undirected,1
21,649,undirected,1
21,439,undirected,1
649,439,undirected,1
53,658,undirected,1
881,338,undirected,1
882,500,undirected,1
882,339,undirected,1
90,972,undirected,1
569,53,undirected,1
53,15,undirected,1
53,706,undirected,1
300,121,undirected,1
25,15,undirected,1
15,327,undirected,1
509,45,undirected,1
32,21,undirected,1
32,328,undirected,1
774,67,undirected,1
9,15,undirected,1
883,884,undirected,1
883,885,undirected,1
883,886,undirected,1
883,973,undirected,1
884,885,undirected,1
884,886,undirected,1
884,973,undirected,1
885,886,undirected,1
885,973,undirected,1
886,973,undirected,1
39,335,undirected,1
887,974,undirected,1
888,975,undirected,1
36,464,undirected,1
728,8,undirected,1
682,722,undirected,1
83,411,undirected,1
265,477,undirected,1
652,759,undirected,1
47,123,undirected,1
47,653,undirected,1
47,231,undirected,1
123,653,undirected,1
123,231,undirected,1
653,231,undirected,1
7,75,undirected,1
10,75,undirected,1
889,890,undirected,1
889,976,undirected,1
890,976,undirected,1
569,891,undirected,1
569,347,undirected,1
891,347,undirected,1
40,89,undirected,1
48,467,undirected,1
7,325,undirected,1
14,389,undirected,1
389,284,undirected,1
892,391,undirected,1
529,69,undirected,1
504,109,undirected,1
159,778,undirected,1
159,805,undirected,1
1,977,undirected,1
639,666,undirected,1
893,308,undirected,1
894,352,undirected,1
309,288,undirected,1