Source,Target,Count,Year
Dalex,Lenny Tavárez,11,2019
Bad Bunny,J Balvin,14,2019
Capital Bra,Samra,11,2019
Nicky Jam,Sech,8,2019
Anuel AA,Ozuna,9,2019
Dalex,Sech,7,2019
Lenny Tavárez,Sech,7,2019
Dalex,Justin Quiles,7,2019
Justin Quiles,Lenny Tavárez,7,2019
Farruko,Sech,5,2019
Dalex,Feid,5,2019
Feid,Lenny Tavárez,5,2019
Feid,Sech,5,2019
Travis Scott,Young Thug,7,2019
Justin Quiles,Sech,5,2019
Farruko,Nicky Jam,5,2019
Anuel AA,KAROL G,5,2019
Post Malone,Swae Lee,7,2019
Dreamville,J. Cole,4,2019
Gunna,Young Thug,5,2019
Camilo,Mau y Ricky,5,2019
Anuel AA,Daddy Yankee,7,2019
Sech,Zion,4,2019
5 Seconds of Summer,The Chainsmokers,4,2019
J Balvin,Tyga,4,2019
Dalex,Farruko,4,2019
Farruko,Justin Quiles,4,2019
Farruko,Lenny Tavárez,4,2019
Darell,Nicky Jam,4,2019
Darell,Ozuna,5,2019
Nicky Jam,Ozuna,5,2019
Anuel AA,DJ Luian,4,2019
Anuel AA,Mambo Kingz,4,2019
DJ Luian,Mambo Kingz,9,2019
Aloe Blacc,Avicii,3,2019
Dreamville,Young Nudy,3,2019
J. Cole,Young Nudy,3,2019
ILLENIUM,Lennon Stella,3,2019
ILLENIUM,The Chainsmokers,3,2019
Lennon Stella,The Chainsmokers,3,2019
Bebe Rexha,The Chainsmokers,3,2019
Daddy Yankee,Ozuna,6,2019
Farruko,Zion,3,2019
Europa,Jax Jones,3,2019
Europa,Madison Beer,3,2019
Europa,Martin Solveig,3,2019
Jax Jones,Madison Beer,3,2019
Jax Jones,Martin Solveig,3,2019
Madison Beer,Martin Solveig,3,2019
Eminem,Logic,3,2019
Juice WRLD,Lil Tecca,3,2019
Diplo,LSD,7,2019
Diplo,Labrinth,7,2019
Diplo,Sia,7,2019
LSD,Labrinth,7,2019
LSD,Sia,7,2019
Labrinth,Sia,7,2019
Dalex,Rafa Pabön,3,2019
Feid,Rafa Pabön,3,2019
Lenny Tavárez,Rafa Pabön,3,2019
Rafa Pabön,Sech,3,2019
Anuel AA,Nicky Jam,3,2019
Cardi B,DJ Snake,4,2019
Cardi B,Ozuna,5,2019
Cardi B,Selena Gomez,4,2019
DJ Snake,Ozuna,4,2019
DJ Snake,Selena Gomez,4,2019
Ozuna,Selena Gomez,4,2019
Bas,Dreamville,3,2019
Bas,JID,3,2019
Dreamville,JID,3,2019
Anuel AA,Darell,4,2019
Travis Barker,YUNGBLUD,3,2019
Agnes,Avicii,3,2019
Agnes,Vargas & Lagola,3,2019
Avicii,Vargas & Lagola,4,2019
Brytiago,Darell,6,2019
DJ Snake,J Balvin,3,2019
DJ Snake,Tyga,3,2019
Brendon Urie,Taylor Swift,3,2019
Ed Sheeran,Stormzy,4,2019
Post Malone,Travis Scott,3,2019
Trippie Redd,XXXTENTACION,5,2019
Goodboys,MEDUZA,3,2019
Drake,Rick Ross,3,2019
DaBaby,Lil Baby,3,2019
Dalex,Nicky Jam,3,2019
Feid,Justin Quiles,3,2019
Justin Quiles,Nicky Jam,3,2019
Lenny Tavárez,Nicky Jam,3,2019
Dímelo Flow,Sech,3,2019
Dalex,Zion,3,2019
Justin Quiles,Zion,3,2019
Lenny Tavárez,Zion,3,2019
Offset,Tyga,5,2019
Tyga,YG,3,2019
Billy Ray Cyrus,Lil Nas X,3,2019
Capital Bra,Summer Cem,3,2019
Bad Bunny,Daddy Yankee,6,2019
Bad Bunny,Lunay,3,2019
Daddy Yankee,Lunay,3,2019
Lil Baby,Meek Mill,3,2019
Lil Baby,Post Malone,2,2019
Meek Mill,Post Malone,2,2019
Daddy Yankee,Snow,2,2019
21 Savage,Offset,5,2019
Migos,Mustard,2,2019
RANI,Sam Feldt,2,2019
Reik,Sebastian Yatra,2,2019
Loredana,MERO,2,2019
Gunna,Lil Mosey,2,2019
Camilo,Manuel Turizo,3,2019
Manuel Turizo,Mau y Ricky,3,2019
Anuel AA,J Balvin,2,2019
Daddy Yankee,J Balvin,2,2019
J Balvin,Ozuna,6,2019
Arcangel,Sech,2,2019
Farruko,Myke Towers,2,2019
Drake,Lil Baby,5,2019
Ed Sheeran,Khalid,2,2019
Post Malone,SZA,5,2019
Juice WRLD,benny blanco,3,2019
Lauv,Troye Sivan,2,2019
KAROL G,Maluma,3,2019
Cazzu,Dalex,2,2019
Cazzu,Feid,2,2019
Cazzu,KHEA,3,2019
Cazzu,Lenny Tavárez,3,2019
Cazzu,Rafa Pabön,2,2019
Cazzu,Sech,2,2019
Dalex,KHEA,2,2019
Feid,KHEA,2,2019
KHEA,Lenny Tavárez,2,2019
KHEA,Rafa Pabön,2,2019
KHEA,Sech,2,2019
Chris Brown,Drake,2,2019
J Balvin,Sean Paul,2,2019
Manuel Turizo,Ozuna,4,2019
J. Cole,Travis Scott,2,2019
J. Cole,Young Thug,2,2019
Darell,Sech,2,2019
Ozuna,Sech,2,2019
Billie Eilish,Khalid,4,2019
Disclosure,Khalid,2,2019
Gunna,Travis Scott,2,2019
Drake,Summer Walker,2,2019
9lokknine,YNW Melly,2,2019
Bruno Mars,Chris Stapleton,2,2019
Bruno Mars,Ed Sheeran,2,2019
Chris Stapleton,Ed Sheeran,2,2019
Anuel AA,Brytiago,3,2019
Chris Brown,Tyga,2,2019
Bas,EARTHGANG,2,2019
Bas,J. Cole,2,2019
Bas,Young Nudy,2,2019
Dreamville,EARTHGANG,2,2019
EARTHGANG,J. Cole,2,2019
EARTHGANG,JID,2,2019
EARTHGANG,Young Nudy,2,2019
J. Cole,JID,2,2019
JID,Young Nudy,2,2019
A Boogie Wit da Hoodie,Roddy Ricch,2,2019
6ix9ine,Nicki Minaj,5,2019
Game of Thrones,SZA,2,2019
Game of Thrones,The Weeknd,2,2019
Game of Thrones,Travis Scott,2,2019
SZA,The Weeknd,2,2019
SZA,Travis Scott,3,2019
The Weeknd,Travis Scott,2,2019
Ed Sheeran,Yebba,2,2019
Burna Boy,Ed Sheeran,2,2019
Burna Boy,Stormzy,2,2019
Luciano,Samra,2,2019
Ozzy Osbourne,Post Malone,2,2019
Ozzy Osbourne,Travis Scott,2,2019
PnB Rock,Trippie Redd,2,2019
PnB Rock,XXXTENTACION,3,2019
Post Malone,Roddy Ricch,2,2019
Post Malone,Tyga,2,2019
Roddy Ricch,Tyga,2,2019
6ix9ine,Anuel AA,5,2019
MACHETE,Salmo,2,2019
Diplo,Major Lazer,2,2019
Burna Boy,Jorja Smith,2,2019
Daddy Yankee,Natti Natasha,3,2019
Camila Cabello,Mark Ronson,2,2019
BTS,Halsey,2,2019
Brendon Urie,Panic! At The Disco,2,2019
Panic! At The Disco,Taylor Swift,2,2019
ScHoolboy Q,Travis Scott,2,2019
Chance the Rapper,Ed Sheeran,2,2019
Chance the Rapper,PnB Rock,2,2019
Ed Sheeran,PnB Rock,2,2019
Dímelo Flow,Zion,2,2019
Y2K,bbno$,2,2019
Dalex,Rich Music LTD,2,2019
Dalex,Wisin,2,2019
Feid,Rich Music LTD,2,2019
Feid,Wisin,2,2019
Feid,Zion,2,2019
Justin Quiles,Rich Music LTD,2,2019
Justin Quiles,Wisin,2,2019
Lenny Tavárez,Rich Music LTD,2,2019
Lenny Tavárez,Wisin,2,2019
Rich Music LTD,Sech,2,2019
Rich Music LTD,Wisin,2,2019
Rich Music LTD,Zion,2,2019
Sech,Wisin,2,2019
Wisin,Zion,2,2019
Dalex,Natti Natasha,2,2019
Farruko,Natti Natasha,2,2019
Justin Quiles,Natti Natasha,2,2019
Lenny Tavárez,Natti Natasha,2,2019
Camila Cabello,Shawn Mendes,2,2019
Fall Out Boy,Macklemore,2,2019
Fall Out Boy,Martin Garrix,2,2019
Macklemore,Martin Garrix,2,2019
Jon Z,Tyga,2,2019
Jon Z,YG,2,2019
Dan Caplen,Jess Glynne,3,2019
Dan Caplen,Macklemore,3,2019
Dan Caplen,Rudimental,3,2019
Jess Glynne,Macklemore,3,2019
Jess Glynne,Rudimental,3,2019
Macklemore,Rudimental,3,2019
Lil Tjay,Polo G,2,2019
Future,Halsey,2,2019
Future,Post Malone,2,2019
Halsey,Post Malone,2,2019
Anne-Marie,Lauv,2,2019
Kehlani,Ty Dolla $ign,2,2019
DaBaby,Post Malone,2,2019
Ant Clemons,Kanye West,2,2019
Ed Sheeran,Justin Bieber,2,2019
Offset,Travis Scott,8,2019
Gunna,Lil Baby,8,2019
Dalex,Maluma,2,2019
Farruko,Maluma,2,2019
Justin Quiles,Maluma,2,2019
Lenny Tavárez,Maluma,2,2019
Maluma,Nicky Jam,3,2019
Maluma,Sech,2,2019
Capital Bra,KC Rebell,2,2019
KC Rebell,Summer Cem,2,2019
Capital Bra,LEA,2,2019
LEA,Samra,2,2019
Adriana Proenza,Kina,2,2019
Dalex,Dímelo Flow,2,2019
Dímelo Flow,Lenny Tavárez,2,2019
Luis Fonsi,Ozuna,3,2019
Loredana,Mozzik,3,2019
Justin Quiles,Paulo Londra,2,2019
DaBaby,Quality Control,2,2019
Lil Baby,Quality Control,2,2019
Alan Walker,Farruko,2,2019
Alan Walker,Sabrina Carpenter,2,2019
Farruko,Sabrina Carpenter,2,2019
NAV,The Weeknd,3,2019
Ariana Grande,Lana Del Rey,2,2019
Ariana Grande,Miley Cyrus,2,2019
Lana Del Rey,Miley Cyrus,2,2019
Anuel AA,Romeo Santos,3,2019
Machine Gun Kelly,Travis Barker,2,2019
Machine Gun Kelly,YUNGBLUD,2,2019
Gucci Mane,Logic,1,2019
RAF Camora,Ufo361,1,2019
Juice WRLD,Trippie Redd,2,2019
Juice WRLD,YNW Melly,1,2019
Trippie Redd,YNW Melly,1,2019
Diplo,Morgan Wallen,1,2019
James Blake,Metro Boomin,1,2019
James Blake,Travis Scott,1,2019
Metro Boomin,Travis Scott,8,2019
Erika Sirola,Robin Schulz,1,2019
Eartha Kitt,Henri Rene & His Orchestra,3,2019
Post Malone,Young Thug,1,2019
Khalid,Normani,2,2019
Becky G,Natti Natasha,3,2019
5 Seconds of Summer,Julia Michaels,1,2019
Daddy Yankee,Katy Perry,1,2019
Katy Perry,Snow,1,2019
21 Savage,DJ Snake,1,2019
21 Savage,Gucci Mane,2,2019
21 Savage,Sheck Wes,1,2019
DJ Snake,Gucci Mane,1,2019
DJ Snake,Offset,1,2019
DJ Snake,Sheck Wes,1,2019
Gucci Mane,Offset,2,2019
Gucci Mane,Sheck Wes,1,2019
Offset,Sheck Wes,1,2019
Bad Bunny,Casper Magico,2,2019
Bad Bunny,Darell,2,2019
Bad Bunny,Nicky Jam,2,2019
Bad Bunny,Nio Garcia,2,2019
Bad Bunny,Ozuna,3,2019
Casper Magico,Darell,2,2019
Casper Magico,Nicky Jam,2,2019
Casper Magico,Nio Garcia,2,2019
Casper Magico,Ozuna,2,2019
Darell,Nio Garcia,2,2019
Nicky Jam,Nio Garcia,2,2019
Nio Garcia,Ozuna,2,2019
Anuel AA,Becky G,2,2019
Anuel AA,Prince Royce,2,2019
Becky G,DJ Luian,2,2019
Becky G,Mambo Kingz,2,2019
Becky G,Prince Royce,2,2019
DJ Luian,Prince Royce,4,2019
Mambo Kingz,Prince Royce,4,2019
Mau y Ricky,Sebastian Yatra,2,2019
Kirsty MacColl,The Pogues,3,2019
G-Eazy,Rich The Kid,1,2019
G-Eazy,Tyga,1,2019
Rich The Kid,Tyga,1,2019
Shawn Mendes,Taylor Swift,1,2019
Barloe Team,Ozuna,1,2019
A Touch Of Class,R3HAB,1,2019
Chance the Rapper,John Legend,1,2019
A Boogie Wit da Hoodie,Mustard,1,2019
A Boogie Wit da Hoodie,NAV,1,2019
A Boogie Wit da Hoodie,Playboi Carti,1,2019
Mustard,NAV,1,2019
Mustard,Playboi Carti,1,2019
NAV,Playboi Carti,1,2019
CHVRCHES,Marshmello,1,2019
DaBaby,Dreamville,1,2019
DaBaby,J. Cole,1,2019
DaBaby,Lute,1,2019
Dreamville,Lute,1,2019
J. Cole,Lute,1,2019
Cardi B,Lil Nas X,1,2019
Marshmello,YUNGBLUD,1,2019
Marshmello,blackbear,1,2019
YUNGBLUD,blackbear,1,2019
Khalid,Marshmello,3,2019
Anuel AA,Farruko,2,2019
Daddy Yankee,Farruko,2,2019
Farruko,J Balvin,1,2019
Farruko,Ozuna,1,2019
Macklemore,Why Don't We,1,2019
Arcangel,Farruko,1,2019
Arcangel,Myke Towers,1,2019
Arcangel,Zion,1,2019
Myke Towers,Sech,1,2019
Myke Towers,Zion,1,2019
Khalid,Martin Garrix,2,2019
Eno,MERO,1,2019
Becky G,Duckwrth,1,2019
Becky G,Keke Palmer,1,2019
Becky G,League of Legends,1,2019
Becky G,SOYEON of (G)I-DLE,1,2019
Becky G,Thutmose,1,2019
Becky G,True Damage,1,2019
Duckwrth,Keke Palmer,1,2019
Duckwrth,League of Legends,1,2019
Duckwrth,SOYEON of (G)I-DLE,1,2019
Duckwrth,Thutmose,1,2019
Duckwrth,True Damage,1,2019
Keke Palmer,League of Legends,1,2019
Keke Palmer,SOYEON of (G)I-DLE,1,2019
Keke Palmer,Thutmose,1,2019
Keke Palmer,True Damage,1,2019
League of Legends,SOYEON of (G)I-DLE,1,2019
League of Legends,Thutmose,1,2019
League of Legends,True Damage,1,2019
SOYEON of (G)I-DLE,Thutmose,1,2019
SOYEON of (G)I-DLE,True Damage,1,2019
Thutmose,True Damage,1,2019
Brendon Urie,Juice WRLD,2,2019
Brendon Urie,benny blanco,2,2019
Ky-Mani Marley,Stefflon Don,1,2019
Ky-Mani Marley,Vybz Kartel,1,2019
Ky-Mani Marley,XXXTENTACION,1,2019
Stefflon Don,Vybz Kartel,1,2019
Stefflon Don,XXXTENTACION,1,2019
Vybz Kartel,XXXTENTACION,1,2019
DJ Khaled,SZA,1,2019
Kane Brown,Marshmello,1,2019
21 Savage,Cardi B,4,2019
21 Savage,DJ Khaled,1,2019
Cardi B,DJ Khaled,1,2019
Fred Hammond,Kanye West,1,2019
Ozuna,Romeo Santos,3,2019
Bad Bunny,Jhay Cortez,1,2019
J Balvin,Jhay Cortez,1,2019
Imanbek,SAINt JHN,1,2019
Daddy Yankee,KAROL G,1,2019
J Balvin,KAROL G,2,2019
KAROL G,Ozuna,1,2019
MAX,Quinn XCII,1,2019
Bad Bunny,Drake,2,2019
Dayvi,Kelly Ruíz,1,2019
Dayvi,Victor Cardenas,1,2019
Kelly Ruíz,Victor Cardenas,1,2019
Cruz Cafuné,Don Patricio,1,2019
Lil Pump,Lil Wayne,1,2019
Kendrick Lamar,SZA,5,2019
Damso,Nekfeu,1,2019
Bas,Buddy,1,2019
Bas,Guapdad 4000,1,2019
Bas,Jace,1,2019
Bas,Mez,1,2019
Bas,Reese LAFLARE,1,2019
Bas,Ski Mask The Slump God,1,2019
Bas,Smokepurpp,1,2019
Buddy,Dreamville,1,2019
Buddy,Guapdad 4000,1,2019
Buddy,JID,1,2019
Buddy,Jace,1,2019
Buddy,Mez,1,2019
Buddy,Reese LAFLARE,1,2019
Buddy,Ski Mask The Slump God,1,2019
Buddy,Smokepurpp,1,2019
Dreamville,Guapdad 4000,1,2019
Dreamville,Jace,1,2019
Dreamville,Mez,1,2019
Dreamville,Reese LAFLARE,1,2019
Dreamville,Ski Mask The Slump God,1,2019
Dreamville,Smokepurpp,1,2019
Guapdad 4000,JID,1,2019
Guapdad 4000,Jace,1,2019
Guapdad 4000,Mez,1,2019
Guapdad 4000,Reese LAFLARE,1,2019
Guapdad 4000,Ski Mask The Slump God,1,2019
Guapdad 4000,Smokepurpp,1,2019
JID,Jace,1,2019
JID,Mez,1,2019
JID,Reese LAFLARE,1,2019
JID,Ski Mask The Slump God,1,2019
JID,Smokepurpp,1,2019
Jace,Mez,1,2019
Jace,Reese LAFLARE,1,2019
Jace,Ski Mask The Slump God,1,2019
Jace,Smokepurpp,1,2019
Mez,Reese LAFLARE,1,2019
Mez,Ski Mask The Slump God,1,2019
Mez,Smokepurpp,1,2019
Reese LAFLARE,Ski Mask The Slump God,1,2019
Reese LAFLARE,Smokepurpp,1,2019
Ski Mask The Slump God,Smokepurpp,1,2019
Dani Faiv,Fabri Fibra,1,2019
Dani Faiv,MACHETE,1,2019
Dani Faiv,tha Supreme,1,2019
Fabri Fibra,MACHETE,1,2019
Fabri Fibra,tha Supreme,1,2019
MACHETE,tha Supreme,1,2019
Ozuna,ROSALÍA,1,2019
2 Chainz,Travis Scott,3,2019
Anuel AA,Sech,1,2019
Anitta,J Balvin,4,2019
Anitta,Mc Zaac,3,2019
Anitta,Tropkillaz,3,2019
J Balvin,Mc Zaac,1,2019
J Balvin,Tropkillaz,1,2019
Mc Zaac,Tropkillaz,3,2019
Kanye West,Lil Pump,2,2019
BTS,Lil Nas X,1,2019
BTS,RM,1,2019
Lil Nas X,RM,1,2019
Gesaffelstein,The Weeknd,3,2019
Camila Cabello,DaBaby,1,2019
Halsey,Travis Barker,1,2019
Halsey,YUNGBLUD,1,2019
A$AP Rocky,Skepta,2,2019
Dynoro,Gigi D'Agostino,2,2019
Hit-Boy,Nipsey Hussle,1,2019
Hit-Boy,Roddy Ricch,1,2019
Nipsey Hussle,Roddy Ricch,1,2019
Bing Crosby,John Scott Trotter & His Orchestra,3,2019
Bing Crosby,Ken Darby Singers,3,2019
John Scott Trotter & His Orchestra,Ken Darby Singers,3,2019
Coldplay,The Chainsmokers,3,2019
Brytiago,DJ Luian,1,2019
Brytiago,Mambo Kingz,1,2019
Brytiago,Nicky Jam,1,2019
DJ Luian,Darell,1,2019
DJ Luian,Nicky Jam,1,2019
Darell,Mambo Kingz,1,2019
Mambo Kingz,Nicky Jam,1,2019
Blueface,Cardi B,1,2019
Blueface,YG,1,2019
Cardi B,YG,2,2019
Billie Eilish,Justin Bieber,1,2019
Chris Brown,Marshmello,1,2019
Marshmello,Tyga,1,2019
Anuel AA,Bryant Myers,1,2019
BLACKPINK,Dua Lipa,2,2019
David Guetta,Martin Solveig,1,2019
Calvin Harris,Rag'n'Bone Man,1,2019
J Balvin,Selena Gomez,1,2019
J Balvin,Tainy,1,2019
J Balvin,benny blanco,1,2019
Selena Gomez,Tainy,1,2019
Selena Gomez,benny blanco,1,2019
Tainy,benny blanco,1,2019
ZAYN,Zhavia Ward,1,2019
Future,Juice WRLD,5,2019
Ariana Grande,Nicki Minaj,6,2019
Ariana Grande,Normani,1,2019
Nicki Minaj,Normani,1,2019
6ix9ine,Murda Beatz,3,2019
Murda Beatz,Nicki Minaj,3,2019
Azet,Zuna,1,2019
RIN,Ufo361,1,2019
Cardi B,French Montana,1,2019
Cardi B,Post Malone,1,2019
Cardi B,Rvssian,1,2019
French Montana,Post Malone,1,2019
French Montana,Rvssian,1,2019
Post Malone,Rvssian,1,2019
Cardi B,Maroon 5,3,2019
Post Malone,Quavo,3,2019
Capital Bra,Kalazh44,1,2019
Capital Bra,Luciano,2,2019
Capital Bra,Nimo,1,2019
Kalazh44,Luciano,1,2019
Kalazh44,Nimo,1,2019
Kalazh44,Samra,1,2019
Luciano,Nimo,1,2019
Nimo,Samra,1,2019
Dixie Chicks,Taylor Swift,1,2019
Kygo,Valerie Broussard,1,2019
Lil Uzi Vert,Young Thug,1,2019
Brooks,David Guetta,2,2019
Brooks,Loote,1,2019
David Guetta,Loote,1,2019
Grey,Maren Morris,3,2019
Grey,Zedd,5,2019
Maren Morris,Zedd,3,2019
Diplo,Ellie Goulding,2,2019
Diplo,Swae Lee,2,2019
Ellie Goulding,Swae Lee,2,2019
Almighty,Myke Towers,1,2019
Almighty,Noriel,1,2019
Almighty,Rauw Alejandro,1,2019
Myke Towers,Noriel,1,2019
Myke Towers,Rauw Alejandro,1,2019
Noriel,Rauw Alejandro,1,2019
Chance the Rapper,DaBaby,1,2019
Chance the Rapper,MadeinTYO,1,2019
DaBaby,MadeinTYO,1,2019
Doja Cat,Tyga,1,2019
Summer Walker,Usher,1,2019
Elley Duhé,Zedd,2,2019
Brando,Loud Luxury,3,2019
MACHETE,Marracash,1,2019
MACHETE,Nitro,1,2019
Marracash,Nitro,1,2019
Marracash,Salmo,1,2019
Nitro,Salmo,1,2019
Dennis DJ,MC Kevinho,1,2019
Chance the Rapper,Murda Beatz,1,2019
Chance the Rapper,TisaKorean,1,2019
Murda Beatz,TisaKorean,1,2019
Mustard,Roddy Ricch,1,2019
Anitta,Rita Ora,1,2019
Anitta,Sofia Reyes,1,2019
Rita Ora,Sofia Reyes,1,2019
Diplo,El Alfa,1,2019
Diplo,J Balvin,1,2019
El Alfa,J Balvin,1,2019
El Alfa,Major Lazer,1,2019
J Balvin,Major Lazer,1,2019
Daddy Yankee,Jonas Brothers,1,2019
Daddy Yankee,Sebastian Yatra,1,2019
Jonas Brothers,Natti Natasha,1,2019
Jonas Brothers,Sebastian Yatra,1,2019
Natti Natasha,Sebastian Yatra,1,2019
Anuel AA,Tainy,1,2019
Ozuna,Tainy,1,2019
JP Saxe,Julia Michaels,1,2019
Dardan,Eno,1,2019
Galantis,OneRepublic,1,2019
DaBaby,Moneybagg Yo,1,2019
Lil Baby,Moneybagg Yo,1,2019
Ariana Grande,Lizzo,1,2019
KAROL G,Nicki Minaj,1,2019
Diplo,Dua Lipa,2,2019
Diplo,Mark Ronson,2,2019
Diplo,Silk City,2,2019
Dua Lipa,Mark Ronson,2,2019
Dua Lipa,Silk City,2,2019
Mark Ronson,Silk City,2,2019
Meek Mill,Roddy Ricch,1,2019
B. Swanson Quartet,Frank Sinatra,3,2019
Alesso,TINI,1,2019
Feid,Nicky Jam,1,2019
Justin Quiles,Rafa Pabön,1,2019
Nicky Jam,Rafa Pabön,1,2019
Kygo,The Chainsmokers,1,2019
Bad Bunny,Cardi B,2,2019
Cardi B,J Balvin,2,2019
David Guetta,RAYE,1,2019
Dímelo Flow,Farruko,1,2019
Dímelo Flow,Lunay,1,2019
Dímelo Flow,Nicky Jam,1,2019
Farruko,Lunay,1,2019
Lunay,Nicky Jam,1,2019
Lunay,Sech,1,2019
Lunay,Zion,1,2019
Nicky Jam,Zion,1,2019
Chelsea Cutler,Kygo,1,2019
Kanye West,YNW Melly,1,2019
Chris Brown,Ink,1,2019
Chris Brown,Justin Bieber,1,2019
Ink,Justin Bieber,1,2019
Ghostface Killah,Miley Cyrus,1,2019
Christian Nodal,Piso 21,1,2019
Anitta,Dalex,1,2019
Anitta,Farruko,1,2019
Anitta,Justin Quiles,1,2019
Anitta,Lenny Tavárez,1,2019
Anitta,Natti Natasha,1,2019
Death Stranding: Timefall,Diplo,1,2019
Death Stranding: Timefall,Khalid,1,2019
Death Stranding: Timefall,Major Lazer,1,2019
Diplo,Khalid,1,2019
Khalid,Major Lazer,1,2019
Natti Natasha,Zion,1,2019
A Boogie Wit da Hoodie,Internet Money,1,2019
A Boogie Wit da Hoodie,Lil Tecca,1,2019
Internet Money,Lil Tecca,1,2019
Juice WRLD,Ski Mask The Slump God,2,2019
Gunna,Metro Boomin,3,2019
David Bowie,Queen,2,2019
BTS,Charli XCX,1,2019
Drake,Swae Lee,1,2019
Brytiago,Cauty,1,2019
Brytiago,Chencho Corleone,1,2019
Brytiago,Cosculluela,1,2019
Brytiago,Rafa Pabön,1,2019
Cauty,Chencho Corleone,1,2019
Cauty,Cosculluela,1,2019
Cauty,Darell,1,2019
Cauty,Rafa Pabön,1,2019
Chencho Corleone,Cosculluela,1,2019
Chencho Corleone,Darell,1,2019
Chencho Corleone,Rafa Pabön,1,2019
Cosculluela,Darell,1,2019
Cosculluela,Rafa Pabön,1,2019
Darell,Rafa Pabön,1,2019
Beyoncé,Childish Gambino,1,2019
Beyoncé,JAY-Z,4,2019
Beyoncé,Oumou Sangaré,1,2019
Childish Gambino,JAY-Z,1,2019
Childish Gambino,Oumou Sangaré,1,2019
JAY-Z,Oumou Sangaré,1,2019
Ed Sheeran,Ella Mai,1,2019
The Chainsmokers,Ty Dolla $ign,1,2019
The Chainsmokers,bülow,1,2019
Ty Dolla $ign,bülow,1,2019
Bonez MC,Gzuz,4,2019
Bonez MC,LX,1,2019
Bonez MC,Maxwell,1,2019
Bonez MC,Sa4,1,2019
Gzuz,LX,1,2019
Gzuz,Maxwell,1,2019
Gzuz,Sa4,1,2019
LX,Maxwell,1,2019
LX,Sa4,1,2019
Maxwell,Sa4,1,2019
Ariana Grande,Social House,1,2019
Bryson Tiller,Summer Walker,1,2019
Anitta,Lexa,1,2019
Anitta,Luísa Sonza,1,2019
Anitta,Mc Rebecca,1,2019
Lexa,Luísa Sonza,1,2019
Lexa,Mc Rebecca,1,2019
Luísa Sonza,Mc Rebecca,1,2019
Becky Hill,Goodboys,1,2019
Becky Hill,MEDUZA,1,2019
Ninho,Niska,1,2019
Evan Rachel Wood,Idina Menzel,1,2019
AURORA,Idina Menzel,1,2019
Imagine Dragons,Kygo,3,2019
Kygo,Whitney Houston,1,2019
Micro TDH,Piso 21,1,2019
A Boogie Wit da Hoodie,Lil Uzi Vert,1,2019
T-Pain,Tory Lanez,1,2019
Michael Bublé,The Puppini Sisters,3,2019
G-Eazy,Logic,1,2019
Jonas Blue,Rita Ora,1,2019
Jonas Blue,Tiësto,1,2019
Rita Ora,Tiësto,1,2019
Bonez MC,The Cratez,1,2019
Anne-Marie,Marshmello,2,2019
Anuel AA,Haze,2,2019
Khalid,P!nk,1,2019
Chris Brown,J Balvin,1,2019
Marshmello,Roddy Ricch,1,2019
Dan + Shay,Justin Bieber,1,2019
Brett Eldredge,Meghan Trainor,2,2019
Calvin Harris,Jessie Reyez,2,2019
Calvin Harris,Sam Smith,2,2019
Jessie Reyez,Sam Smith,2,2019
J Balvin,Nicky Jam,4,2019
The Chainsmokers,Winona Oak,2,2019
Gucci Mane,Lil Skies,1,2019
Quavo,Tory Lanez,1,2019
Quavo,Tyga,1,2019
Tory Lanez,Tyga,1,2019
Bradley Cooper,Lady Gaga,4,2019
Bebe Rexha,David Guetta,2,2019
Bebe Rexha,J Balvin,2,2019
David Guetta,J Balvin,2,2019
Anuel AA,Manuel Turizo,1,2019
Afro Bros,Daddy Yankee,1,2019
Afro Bros,David Guetta,1,2019
Afro Bros,Dimitri Vegas,1,2019
Afro Bros,Dimitri Vegas & Like Mike,1,2019
Afro Bros,Like Mike,1,2019
Afro Bros,Natti Natasha,1,2019
Daddy Yankee,David Guetta,1,2019
Daddy Yankee,Dimitri Vegas,1,2019
Daddy Yankee,Dimitri Vegas & Like Mike,1,2019
Daddy Yankee,Like Mike,1,2019
David Guetta,Dimitri Vegas,2,2019
David Guetta,Dimitri Vegas & Like Mike,2,2019
David Guetta,Like Mike,1,2019
David Guetta,Natti Natasha,1,2019
Dimitri Vegas,Dimitri Vegas & Like Mike,2,2019
Dimitri Vegas,Like Mike,1,2019
Dimitri Vegas,Natti Natasha,1,2019
Dimitri Vegas & Like Mike,Like Mike,1,2019
Dimitri Vegas & Like Mike,Natti Natasha,1,2019
Like Mike,Natti Natasha,1,2019
Lil Baby,Lil Duke,1,2019
Lil Baby,Trippie Redd,1,2019
Lil Duke,Trippie Redd,1,2019
Henning May,Juju,1,2019
Ezhel,Murda,1,2019
Jerry Smith,Márcia Fellipe,1,2019
Hava,Nimo,1,2019
Marracash,Sfera Ebbasta,1,2019
Marracash,tha Supreme,1,2019
Sfera Ebbasta,tha Supreme,1,2019
Bruno Mars,Cardi B,2,2019
Bazzi,Camila Cabello,2,2019
6ix9ine,Kanye West,3,2019
Kanye West,Nicki Minaj,2,2019
Ant Clemons,Ty Dolla $ign,1,2019
Kanye West,Ty Dolla $ign,1,2019
Captain Cuts,Felix Jaehn,1,2019
Captain Cuts,Georgia Ku,1,2019
Captain Cuts,NOTD,1,2019
Felix Jaehn,Georgia Ku,1,2019
Felix Jaehn,NOTD,1,2019
Georgia Ku,NOTD,1,2019
Chance the Rapper,DJ Khaled,6,2019
Chance the Rapper,Justin Bieber,6,2019
Chance the Rapper,Quavo,6,2019
DJ Khaled,Justin Bieber,6,2019
DJ Khaled,Quavo,6,2019
Justin Bieber,Quavo,6,2019
Kanye West,Sunday Service Choir,1,2019
Marshmello,Selena Gomez,4,2019
21 Savage,Travis Scott,4,2019
Jonas Blue,Theresa Rex,1,2019
Bad Bunny,Marciano Cantero,1,2019
J Balvin,Marciano Cantero,1,2019
Camila Cabello,Cardi B,1,2019
Camila Cabello,Ed Sheeran,1,2019
Cardi B,Ed Sheeran,1,2019
Joyner Lucas,Logic,1,2019
Farid Bang,French Montana,1,2019
Farid Bang,Khaled,1,2019
French Montana,Khaled,1,2019
Blueface,NLE Choppa,1,2019
Juice WRLD,YoungBoy Never Broke Again,1,2019
Drake,Meek Mill,2,2019
John Lennon,The Harlem Community Choir,3,2019
John Lennon,The Plastic Ono Band,3,2019
John Lennon,Yoko Ono,3,2019
The Harlem Community Choir,The Plastic Ono Band,3,2019
The Harlem Community Choir,Yoko Ono,3,2019
The Plastic Ono Band,Yoko Ono,3,2019
Becky G,j-hope,1,2019
Khalid,SAFE,1,2019
Megan Thee Stallion,Nicki Minaj,1,2019
Megan Thee Stallion,Ty Dolla $ign,1,2019
Nicki Minaj,Ty Dolla $ign,3,2019
J Balvin,Zion & Lennox,3,2019
Bad Bunny,Mr Eazi,1,2019
J Balvin,Mr Eazi,1,2019
2 Chainz,Ariana Grande,1,2019
Labrinth,Zendaya,1,2019
Drake,Gunna,2,2019
Ariana Grande,Victoria Monét,1,2019
A Boogie Wit da Hoodie,Offset,2,2019
A Boogie Wit da Hoodie,Tyga,2,2019
Brytiago,Daddy Yankee,2,2019
Brytiago,Ozuna,2,2019
Daddy Yankee,Darell,2,2019
Bausa,RIN,1,2019
6ix9ine,Lil Baby,2,2019
KC Rebell,RAF Camora,1,2019
Daddy Yankee,Wisin & Yandel,1,2019
A$AP Ferg,Big Sean,1,2019
A$AP Ferg,Hit-Boy,1,2019
Big Sean,Hit-Boy,1,2019
Bebe Rexha,Jax Jones,1,2019
Arcangel,Dímelo Flow,1,2019
Future,Lil Baby,1,2019
Camilo,Pedro Capó,1,2019
A Boogie Wit da Hoodie,Ed Sheeran,1,2019
A Boogie Wit da Hoodie,Meek Mill,1,2019
Ed Sheeran,Meek Mill,1,2019
Anuel AA,Lunay,1,2019
Lunay,Ozuna,1,2019
J Balvin,Maluma,2,2019
Becky G,Farruko,1,2019
Becky G,Guaynaa,1,2019
Becky G,Nicky Jam,1,2019
Becky G,Sech,1,2019
Farruko,Guaynaa,1,2019
Guaynaa,Nicky Jam,1,2019
Guaynaa,Sech,1,2019
Beyoncé,Blue Ivy,1,2019
Beyoncé,SAINt JHN,1,2019
Beyoncé,WizKid,1,2019
Blue Ivy,SAINt JHN,1,2019
Blue Ivy,WizKid,1,2019
SAINt JHN,WizKid,1,2019
Mark Ronson,Miley Cyrus,3,2019
Luciano,Ufo361,1,2019
Avril Lavigne,Nicki Minaj,1,2019
J. Cole,Offset,1,2019
Halsey,Khalid,3,2019
Halsey,benny blanco,3,2019
Khalid,benny blanco,3,2019
Data Luv,Ufo361,1,2019
Black Eyed Peas,J Balvin,1,2019
Billy Ray Cyrus,Mason Ramsey,1,2019
Billy Ray Cyrus,Young Thug,1,2019
Lil Nas X,Mason Ramsey,1,2019
Lil Nas X,Young Thug,1,2019
Mason Ramsey,Young Thug,1,2019
Little Mix,Nicki Minaj,3,2019
John Mayer,Khalid,1,2019
DJ Khaled,John Legend,1,2019
DJ Khaled,Nipsey Hussle,1,2019
John Legend,Nipsey Hussle,1,2019
Halsey,The Chainsmokers,3,2019
Post Malone,Ty Dolla $ign,4,2019
50 Cent,Ed Sheeran,1,2019
50 Cent,Eminem,1,2019
Ed Sheeran,Eminem,4,2019
Kygo,Sandro Cavazza,2,2019
6ix9ine,A Boogie Wit da Hoodie,4,2019
Ariana Grande,Liz Gillies,2,2019
John Williams,Mykola Dmytrovych Leontovych,3,2019
BTS,Zara Larsson,1,2019
Clean Bandit,Demi Lovato,3,2019
Chris Jeday,Gaby Music,1,2019
Chris Jeday,Lunay,1,2019
Gaby Music,Lunay,1,2019
Felipe Araújo,Ferrugem,2,2019
Katy Perry,Zedd,1,2019
6ix9ine,Tory Lanez,3,2019
Dímelo Flow,Feid,1,2019
Dímelo Flow,Justin Quiles,1,2019
Dímelo Flow,Rich Music LTD,1,2019
Dímelo Flow,Wisin,1,2019
MC Gury,MC L da Vinte,2,2019
Becky G,Paulo Londra,2,2019
Gucci Mane,Justin Bieber,1,2019
21 Savage,Post Malone,7,2019
Julia Michaels,Selena Gomez,1,2019
Gradur,Heuss L'enfoiré,1,2019
Big Sean,Chris Brown,1,2019
Big Sean,DJ Khaled,1,2019
Big Sean,Lil Wayne,1,2019
Chris Brown,DJ Khaled,1,2019
Chris Brown,Lil Wayne,1,2019
DJ Khaled,Lil Wayne,5,2019
Maroon 5,SZA,6,2019
Dave,Ed Sheeran,1,2019
Dave,Paulo Londra,1,2019
Ed Sheeran,Paulo Londra,1,2019
Clipse,Kanye West,1,2019
Clipse,Kenny G,1,2019
Kanye West,Kenny G,1,2019
Zac Efron,Zendaya,3,2019
A Boogie Wit da Hoodie,Khalid,1,2019
Blake Shelton,Gwen Stefani,2,2019
Mitchell Ayres & His Orchestra,Perry Como,3,2019
Mitchell Ayres & His Orchestra,The Fontane Sisters,3,2019
Perry Como,The Fontane Sisters,3,2019
Anne-Marie,James Arthur,2,2019
Luis Fonsi,Nicky Jam,1,2019
Luis Fonsi,Sebastian Yatra,1,2019
Nicky Jam,Sebastian Yatra,1,2019
El Guincho,J Balvin,1,2019
El Guincho,ROSALÍA,1,2019
J Balvin,ROSALÍA,1,2019
DaBaby,Trippie Redd,1,2019
Farruko,Rauw Alejandro,1,2019
Eminem,Joyner Lucas,2,2019
Future,Travis Scott,1,2019
Lil Baby,Young Thug,2,2019
Calvin Harris,Dua Lipa,2,2019
DaBaby,Migos,1,2019
De La Ghetto,Justin Quiles,1,2019
De La Ghetto,Paulo Londra,1,2019
Bad Gyal,Omar Montes,1,2019
21 Savage,Bazzi,1,2019
Aaron Smith,Krono,1,2019
Aaron Smith,Luvli,1,2019
Krono,Luvli,1,2019
BlocBoy JB,Drake,2,2019
Animus,Bushido,1,2019
Alizzz,C. Tangana,1,2019
Alizzz,Paloma Mami,1,2019
C. Tangana,Paloma Mami,1,2019
Farruko,Pedro Capó,2,2019
Luche,Sfera Ebbasta,1,2019
BTS,SUGA,1,2019
Halsey,SUGA,1,2019
G-Eazy,Gunna,1,2019
Maluma,Reik,2,2019
Daniel Caesar,H.E.R.,1,2019
Julia Michaels,Niall Horan,1,2019
Michael Bublé,Shania Twain,3,2019
Ghetto,Justin Quiles,1,2019
Ghetto,Paulo Londra,1,2019
Nicky Jam,Rauw Alejandro,1,2019
Kodak Black,Offset,3,2019
Kodak Black,Travis Scott,4,2019
BTS,Lauv,1,2019
Cardi B,Offset,1,2019
J Balvin,Lalo Ebratt,1,2019
J Balvin,Reik,1,2019
Lalo Ebratt,Reik,1,2019
Chance the Rapper,Death Cab for Cutie,1,2019
Fall Out Boy,ILOVEMAKONNEN,1,2019
Fall Out Boy,Lil Peep,1,2019
ILOVEMAKONNEN,Lil Peep,1,2019
Lil Pump,Maluma,2,2019
Lil Pump,Swae Lee,2,2019
Lil Pump,XXXTENTACION,2,2019
Maluma,Swae Lee,2,2019
Maluma,XXXTENTACION,2,2019
Swae Lee,XXXTENTACION,2,2019
Bruno Mars,Gucci Mane,3,2019
Bruno Mars,Kodak Black,3,2019
Gucci Mane,Kodak Black,3,2019
Lazza,MACHETE,1,2019
Lazza,Salmo,1,2019
Lil Peep,XXXTENTACION,3,2019
Anitta,DJ Snake,1,2019
Anitta,Sean Paul,1,2019
Anitta,Tainy,1,2019
DJ Snake,Sean Paul,1,2019
DJ Snake,Tainy,1,2019
Sean Paul,Tainy,1,2019
Chencho Corleone,Dalex,1,2019
Chencho Corleone,Dímelo Flow,1,2019
Chencho Corleone,Juhn,1,2019
Chencho Corleone,Lenny Tavárez,1,2019
Dalex,Juhn,1,2019
Dímelo Flow,Juhn,1,2019
Juhn,Lenny Tavárez,1,2019
Alesso,Florida Georgia Line,4,2019
Alesso,Hailee Steinfeld,4,2019
Alesso,watt,4,2019
Florida Georgia Line,Hailee Steinfeld,4,2019
Florida Georgia Line,watt,4,2019
Hailee Steinfeld,watt,4,2019
Ed Sheeran,H.E.R.,1,2019
SHAED,ZAYN,1,2019
Avicii,Joe Janiak,1,2019
Anuel AA,Arcangel,1,2019
Arcangel,DJ Luian,1,2019
Arcangel,KAROL G,1,2019
Arcangel,Mambo Kingz,1,2019
DJ Luian,KAROL G,1,2019
KAROL G,Mambo Kingz,1,2019
Larry Walsh,Mark Linett,3,2019
Larry Walsh,Sweet,3,2019
Larry Walsh,The Beach Boys,3,2019
Mark Linett,Sweet,3,2019
Mark Linett,The Beach Boys,3,2019
Sweet,The Beach Boys,3,2019
Kina,Snøw,1,2019
Drake,PARTYNEXTDOOR,2,2019
Ed Sheeran,Travis Scott,1,2019
Anitta,MC Kevinho,1,2019
Jowell & Randy,Manuel Turizo,1,2019
Jowell & Randy,The Rudeboyz,1,2019
Manuel Turizo,The Rudeboyz,1,2019
Ellie Goulding,Juice WRLD,1,2019
Santana,Tyga,1,2019
Santana,YG,1,2019
Gemitaiz,MadMan,1,2019
Avicii,Imagine Dragons,1,2019
Bastille,Marshmello,2,2019
BTS,Juice WRLD,1,2019
Ed Sheeran,J Hus,1,2019
Ed Sheeran,Young Thug,1,2019
J Hus,Young Thug,1,2019
Anuel AA,Bantu,2,2019
Anuel AA,Nicki Minaj,2,2019
Bantu,Nicki Minaj,2,2019
Bad Bunny,Residente,1,2019
Kehlani,Zedd,1,2019
Dzeko,Post Malone,2,2019
Dzeko,Preme,2,2019
Dzeko,Tiësto,2,2019
Post Malone,Preme,2,2019
Post Malone,Tiësto,2,2019
Preme,Tiësto,2,2019
Dadá Boladão,OIK,1,2019
Dadá Boladão,Tati Zaqui,1,2019
OIK,Tati Zaqui,1,2019
Diplo,Jonas Brothers,1,2019
Anderson .Paak,YBN Cordae,1,2019
Amenazzy,Farruko,1,2019
Amenazzy,Nicky Jam,1,2019
Luciano,Summer Cem,1,2019
21 Savage,ScHoolboy Q,1,2019
Logic,Marshmello,3,2019
Metro Boomin,Offset,7,2019
Ezhel,Ufo361,1,2019
Maître Gims,Shirin David,1,2019
DJ Khaled,Post Malone,1,2019
DJ Khaled,Travis Scott,3,2019
Bizarrap,Nicki Nicole,1,2019
DaBaby,Lil Nas X,1,2019
Camila Cabello,Young Thug,4,2019
A R I Z O N A,Avicii,1,2019
Bebe Rexha,Florida Georgia Line,4,2019
Gunna,Roddy Ricch,1,2019
Normani,Sam Smith,1,2019
Kygo,Rita Ora,1,2019
Ed Sheeran,Skrillex,1,2019
Camilo,Lunay,1,2019
Lunay,Mau y Ricky,1,2019
Meek Mill,NAV,1,2019
Sebastian Yatra,TINI,1,2019
Clever,Juice WRLD,1,2019
Clever,Rvssian,1,2019
Juice WRLD,Rvssian,1,2019
Oliver Heldens,Riton,1,2019
Oliver Heldens,Vula,1,2019
Riton,Vula,1,2019
Dean Lewis,Martin Garrix,1,2019
Drake,French Montana,2,2019
Bonn,Martin Garrix,2,2019
Bad Bunny,Tainy,1,2019
LANY,Lauv,1,2019
Jack & Jack,Jonas Blue,3,2019
KSI,Lil Baby,1,2019
KSI,Rick Ross,1,2019
KSI,S-X,1,2019
Lil Baby,Rick Ross,1,2019
Lil Baby,S-X,1,2019
Rick Ross,S-X,1,2019
ChocQuibTown,Farruko,1,2019
ChocQuibTown,Manuel Turizo,1,2019
ChocQuibTown,Zion & Lennox,1,2019
Farruko,Manuel Turizo,1,2019
Farruko,Zion & Lennox,2,2019
Manuel Turizo,Zion & Lennox,1,2019
Kelsea Ballerini,The Chainsmokers,5,2019
Apache 207,Sido,1,2019
21 Savage,Metro Boomin,14,2019
Romeo Santos,Wisin & Yandel,1,2019
Rae Sremmurd,Slim Jxmmi,6,2018
Rae Sremmurd,Swae Lee,6,2018
Slim Jxmmi,Swae Lee,6,2018
Bonez MC,RAF Camora,6,2018
BTS,Steve Aoki,5,2018
Daft Punk,The Weeknd,5,2018
J Balvin,Willy William,5,2018
Bad Bunny,DJ Luian,5,2018
Bad Bunny,Mambo Kingz,5,2018
Swae Lee,Travis Scott,3,2018
Hugh Jackman,The Greatest Showman Ensemble,3,2018
Gucci Mane,Migos,6,2018
Daddy Yankee,Luis Fonsi,5,2018
Keala Settle,The Greatest Showman Ensemble,3,2018
Quavo,Travis Scott,12,2018
Cardi B,Migos,4,2018
Ozuna,Wisin,5,2018
Emily Warren,The Chainsmokers,5,2018
Manuel Turizo,Piso 21,3,2018
Drake,Michael Jackson,2,2018
6ix9ine,Fetty Wap,2,2018
A Boogie Wit da Hoodie,Fetty Wap,2,2018
Demi Lovato,Luis Fonsi,3,2018
Charlie Puth,Kehlani,2,2018
Travis Barker,XXXTENTACION,2,2018
Bea Miller,NOTD,2,2018
David Guetta,Martin Garrix,3,2018
Chris Stapleton,Justin Timberlake,2,2018
Bad Bunny,Yandel,5,2018
Natti Natasha,Thalía,2,2018
Rae Sremmurd,Travis Scott,2,2018
Slim Jxmmi,Travis Scott,2,2018
Daddy Yankee,Justin Bieber,3,2018
Justin Bieber,Luis Fonsi,3,2018
Becky G,David Guetta,2,2018
Becky G,Sean Paul,2,2018
David Guetta,Sean Paul,2,2018
Hugh Jackman,Keala Settle,2,2018
Hugh Jackman,Zendaya,2,2018
Keala Settle,Zendaya,2,2018
The Greatest Showman Ensemble,Zendaya,2,2018
Landon Cube,Lil Skies,2,2018
Juicy J,Rae Sremmurd,2,2018
Juicy J,Slim Jxmmi,2,2018
Juicy J,Swae Lee,2,2018
DrefGold,Sfera Ebbasta,2,2018
Kanye West,PARTYNEXTDOOR,2,2018
Bad Bunny,Becky G,3,2018
A$AP Rocky,Famous Dex,3,2018
Huncho Jack,Quavo,9,2018
Huncho Jack,Travis Scott,9,2018
Gzuz,RAF Camora,2,2018
Kendrick Lamar,Rich The Kid,3,2018
Cardi B,Nicki Minaj,3,2018
Migos,Nicki Minaj,3,2018
KYLE,Kehlani,2,2018
Lary Over,Luis Figueroa,2,2018
Lary Over,Sebastian Yatra,2,2018
Luis Figueroa,Sebastian Yatra,2,2018
Lil Wayne,Nicki Minaj,3,2018
Cashmere Cat,Major Lazer,2,2018
Cashmere Cat,Tory Lanez,3,2018
Major Lazer,Tory Lanez,2,2018
Eminem,Nate Dogg,3,2018
J. Cole,kiLL edward,2,2018
Hugh Jackman,Zac Efron,2,2018
David Guetta,Sia,2,2018
Jonas Blue,Lennon Stella,2,2018
Jonas Blue,Liam Payne,2,2018
Lennon Stella,Liam Payne,2,2018
Metro Boomin,Swae Lee,2,2018
Avicii,Sandro Cavazza,3,2018
Anne-Marie,David Guetta,2,2018
2 Chainz,Big Sean,2,2018
2 Chainz,Nicki Minaj,2,2018
2 Chainz,YG,2,2018
Big Sean,Nicki Minaj,2,2018
Big Sean,YG,2,2018
Nicki Minaj,YG,2,2018
Ariana Grande,Troye Sivan,2,2018
Jason Derulo,Nicki Minaj,3,2018
A$AP Rocky,Moby,2,2018
Khalid,Shawn Mendes,2,2018
George Benson,Gorillaz,2,2018
Eminem,Jessie Reyez,2,2018
Maluma,Nego do Borel,3,2018
Drake,Quavo,3,2018
Drake,Kyla,3,2018
Drake,WizKid,3,2018
Kyla,WizKid,3,2018
Lenny Tavárez,Paulo Londra,1,2018
Drew Love,The Chainsmokers,1,2018
Camila Cabello,Daddy Yankee,2,2018
Alessia Cara,Zedd,2,2018
Gunna,Young Stoner Life Records,1,2018
Lil Baby,Young Stoner Life Records,1,2018
Young Stoner Life Records,Young Thug,1,2018
Cardi B,Kehlani,1,2018
Alvaro Soler,Flo Rida,1,2018
Alvaro Soler,TINI,1,2018
Flo Rida,TINI,1,2018
Lil Uzi Vert,Migos,2,2018
6ix9ine,DJ SpinKing,1,2018
6ix9ine,Young Thug,1,2018
Tory Lanez,Young Thug,1,2018
DJ RD,MC MM,1,2018
Cardi B,Meek Mill,1,2018
Lil Pump,Tee Grizzley,1,2018
Jesse,Swae Lee,1,2018
Jesse,benny blanco,1,2018
Swae Lee,benny blanco,1,2018
Beyoncé,J Balvin,2,2018
Beyoncé,Willy William,2,2018
Future,James Blake,1,2018
Future,Jay Rock,1,2018
Future,Kendrick Lamar,2,2018
James Blake,Jay Rock,1,2018
James Blake,Kendrick Lamar,1,2018
Jay Rock,Kendrick Lamar,1,2018
Justin Jesso,Kygo,2,2018
Maluma,Shakira,2,2018
Gzuz,Veysel,1,2018
Anitta,DJ Yuri Martins,2,2018
Anitta,Maejor,2,2018
DJ Yuri Martins,Maejor,2,2018
DJ Yuri Martins,Mc Zaac,2,2018
DJ Yuri Martins,Tropkillaz,2,2018
Maejor,Mc Zaac,2,2018
Maejor,Tropkillaz,2,2018
A$AP Rocky,Cardi B,3,2018
A$AP Rocky,G-Eazy,3,2018
Cardi B,G-Eazy,3,2018
G-Eazy,Halsey,3,2018
CADE,Cheat Codes,2,2018
CADE,Maggie Lindemann,2,2018
Cheat Codes,Maggie Lindemann,2,2018
Bad Bunny,Marc Anthony,1,2018
Bad Bunny,Will Smith,1,2018
Marc Anthony,Will Smith,1,2018
Maluma,Wolfine,1,2018
Dalmata,Sebastian Yatra,2,2018
A Boogie Wit da Hoodie,Juice WRLD,1,2018
Jay Electronica,Justin Bieber,1,2018
Jay Electronica,Poo Bear,1,2018
Justin Bieber,Poo Bear,1,2018
Metro Boomin,Young Thug,1,2018
Charlie Puth,G-Eazy,2,2018
Bad Bunny,Prince Royce,2,2018
DJ Luian,J Balvin,2,2018
J Balvin,Mambo Kingz,2,2018
J Balvin,Prince Royce,2,2018
A Boogie Wit da Hoodie,Maroon 5,1,2018
Brooks,Martin Garrix,1,2018
Ashanti,Lil Wayne,1,2018
Ashanti,Mack Maine,1,2018
Lil Wayne,Mack Maine,1,2018
Ed Sheeran,Future,2,2018
Ed Sheeran,Taylor Swift,2,2018
Future,Taylor Swift,2,2018
DJ Snake,Lauv,2,2018
BloodPop®,Justin Bieber,2,2018
Afrojack,Charli XCX,2,2018
Afrojack,David Guetta,2,2018
Afrojack,French Montana,2,2018
Charli XCX,David Guetta,2,2018
Charli XCX,French Montana,2,2018
David Guetta,French Montana,2,2018
Nicky Jam,Shakira,2,2018
Jaden,Young Thug,1,2018
Lil Wayne,XXXTENTACION,1,2018
Era Istrefi,Nicky Jam,1,2018
Era Istrefi,Will Smith,1,2018
Nicky Jam,Will Smith,1,2018
Nicki Minaj,Post Malone,1,2018
Hugh Jackman,Michelle Williams,1,2018
Hugh Jackman,Ziv Zaifman,1,2018
Michelle Williams,Ziv Zaifman,1,2018
KAROL G,Nicky Jam,1,2018
Eminem,"Royce Da 5'9""",1,2018
Bebe Rexha,Machine Gun Kelly,2,2018
Bebe Rexha,X Ambassadors,2,2018
Machine Gun Kelly,X Ambassadors,2,2018
Macklemore,Skylar Grey,3,2018
DJ A1,YBN Nahmir,1,2018
A$AP Rocky,FKA twigs,1,2018
Lil Yachty,Playboi Carti,1,2018
Vince Staples,Yugen Blakrok,1,2018
2 Chainz,Saudi,1,2018
2 Chainz,ScHoolboy Q,1,2018
Saudi,ScHoolboy Q,1,2018
Anuel AA,Zion,1,2018
Miguel,Travis Scott,3,2018
Nicki Minaj,Tyga,1,2018
KIDS SEE GHOSTS,Yasiin Bey,1,2018
Julia Michaels,Shawn Mendes,1,2018
Liam Payne,Quavo,2,2018
Clean Bandit,Luis Fonsi,1,2018
Clean Bandit,MARINA,1,2018
Luis Fonsi,MARINA,1,2018
Lil Uzi Vert,Playboi Carti,2,2018
Daniel Everidge,Hugh Jackman,1,2018
Daniel Everidge,Keala Settle,1,2018
Daniel Everidge,The Greatest Showman Ensemble,1,2018
Daniel Everidge,Zendaya,1,2018
21 Savage,Ty Dolla $ign,1,2018
B-Case,Belinda,1,2018
B-Case,Juan Magán,1,2018
B-Case,Manuel Turizo,1,2018
B-Case,Snova,1,2018
Belinda,Juan Magán,1,2018
Belinda,Manuel Turizo,1,2018
Belinda,Snova,1,2018
Juan Magán,Manuel Turizo,1,2018
Juan Magán,Snova,1,2018
Manuel Turizo,Snova,1,2018
Frenna,Lil Kleine,1,2018
Natti Natasha,Ozuna,3,2018
Juice WRLD,Lil Uzi Vert,1,2018
Arthur Hanlon,Ozuna,1,2018
Anuel AA,Fabolous,1,2018
Anuel AA,Meek Mill,1,2018
Fabolous,Meek Mill,1,2018
Avicii,Rita Ora,2,2018
Kendrick Lamar,Zacari,2,2018
Gringo,Gzuz,1,2018
Gringo,KitschKrieg,1,2018
Gringo,Trettmann,1,2018
Gringo,Ufo361,1,2018
Gzuz,KitschKrieg,1,2018
Gzuz,Trettmann,1,2018
Gzuz,Ufo361,1,2018
KitschKrieg,Trettmann,1,2018
KitschKrieg,Ufo361,1,2018
Trettmann,Ufo361,1,2018
Louis The Child,Wafia,1,2018
Lil Wayne,Nivea,1,2018
Ariana Grande,Missy Elliott,1,2018
Kygo,Miguel,1,2018
Capo Plaza,DrefGold,1,2018
Capo Plaza,Sfera Ebbasta,1,2018
Capital Bra,Eno,1,2018
Eno,Luciano,1,2018
David Guetta,Jamie Scott,2,2018
David Guetta,Romy Dya,2,2018
Jamie Scott,Martin Garrix,2,2018
Jamie Scott,Romy Dya,2,2018
Martin Garrix,Romy Dya,2,2018
Bad Bunny,Cosculluela,1,2018
Camila Cabello,Pharrell Williams,1,2018
Capital Bra,Juju,1,2018
Logic,Wiz Khalifa,2,2018
Anitta,Jeon,1,2018
J Balvin,Jeon,1,2018
Lil Wayne,Sosamann,1,2018
21 Savage,Migos,1,2018
Bad Bunny,Natti Natasha,1,2018
Becky G,Daddy Yankee,1,2018
Andrez Babii,Judah,1,2018
Andrez Babii,Rio Santana,1,2018
Andrez Babii,XXXTENTACION,1,2018
Judah,Rio Santana,1,2018
Judah,XXXTENTACION,1,2018
Rio Santana,XXXTENTACION,1,2018
Lil Wayne,Swizz Beatz,1,2018
Justin Quiles,Zion & Lennox,1,2018
J Balvin,Jowell & Randy,2,2018
(G)I-DLE,Jaira Burns,1,2018
(G)I-DLE,K/DA,1,2018
(G)I-DLE,League of Legends,1,2018
(G)I-DLE,Madison Beer,1,2018
Jaira Burns,K/DA,1,2018
Jaira Burns,League of Legends,1,2018
Jaira Burns,Madison Beer,1,2018
K/DA,League of Legends,1,2018
K/DA,Madison Beer,1,2018
League of Legends,Madison Beer,1,2018
Beyoncé,Ed Sheeran,2,2018
Jonas Blue,William Singe,3,2018
Beyoncé,Eminem,3,2018
Julia Michaels,Lauv,1,2018
Joey Bada$$,XXXTENTACION,1,2018
Lil Wayne,Reginae Carter,1,2018
A$AP Rocky,BlocBoy JB,1,2018
Jonas Blue,Sabrina Carpenter,1,2018
Kesha,Macklemore,2,2018
Big Sean,Migos,2,2018
Big Sean,Travis Scott,2,2018
Big Sean,Ty Dolla $ign,1,2018
Migos,Travis Scott,2,2018
Migos,Ty Dolla $ign,1,2018
Travis Scott,Ty Dolla $ign,1,2018
Fabri Fibra,Salmo,1,2018
Paulo Londra,Piso 21,1,2018
Loud Luxury,anders,1,2018
Kanye West,Lil Uzi Vert,1,2018
Kanye West,Travis Scott,1,2018
Lil Uzi Vert,Travis Scott,1,2018
J Balvin,Liam Payne,1,2018
Leslie Grace,Noriel,1,2018
Taylor Swift,ZAYN,2,2018
Arevi,Brytiago,1,2018
Arevi,Darell,1,2018
Cardi B,SZA,1,2018
Bryson Tiller,DJ Khaled,2,2018
Bryson Tiller,Rihanna,2,2018
DJ Khaled,Rihanna,2,2018
Kodak Black,Lil Wayne,2,2018
Lil Yachty,Social House,1,2018
Dua Lipa,Martin Garrix,2,2018
Avicii,Billy Raffoul,2,2018
Cheat Codes,Little Mix,1,2018
Lil Uzi Vert,NAV,2,2018
Lil Skies,Wiz Khalifa,1,2018
Daya,The Chainsmokers,2,2018
6ix9ine,Capo,1,2018
6ix9ine,Farid Bang,1,2018
6ix9ine,SCH,1,2018
Capo,Farid Bang,1,2018
Capo,SCH,1,2018
Farid Bang,SCH,1,2018
070 Shake,Diddy,1,2018
070 Shake,Nas,1,2018
Diddy,Nas,1,2018
Logic,Young Sinatra,1,2018
Eminem,Labrinth,1,2018
Eminem,Nicki Minaj,1,2018
Labrinth,Nicki Minaj,1,2018
Bad Bunny,Nacho,2,2018
DJ Luian,Nacho,2,2018
DJ Luian,Yandel,2,2018
Mambo Kingz,Nacho,2,2018
Mambo Kingz,Yandel,2,2018
Nacho,Yandel,2,2018
NSTASIA,Salmo,1,2018
2 Chainz,Logic,1,2018
G-Eazy,YBN Nahmir,1,2018
G-Eazy,Yo Gotti,1,2018
YBN Nahmir,Yo Gotti,1,2018
Jaden,Logic,1,2018
BTS,Desiigner,2,2018
Desiigner,Steve Aoki,2,2018
Anne-Marie,Major Lazer,1,2018
Anne-Marie,Mr Eazi,1,2018
Anne-Marie,Rudimental,1,2018
Major Lazer,Mr Eazi,1,2018
Major Lazer,Rudimental,1,2018
Mr Eazi,Rudimental,1,2018
Chance the Rapper,Lil Wayne,5,2018
Justin Bieber,Lil Wayne,4,2018
Lil Wayne,Quavo,4,2018
Alan Walker,Sophia Somajo,1,2018
French Montana,Jason Derulo,2,2018
Alex Rose,Cazzu,1,2018
Alex Rose,Lenny Tavárez,1,2018
Alex Rose,Rauw Alejandro,1,2018
Cazzu,Rauw Alejandro,1,2018
Lenny Tavárez,Rauw Alejandro,1,2018
Nick Jonas,Robin Schulz,1,2018
21 Savage,Quavo,2,2018
Rvssian,Sfera Ebbasta,1,2018
Gente De Zona,Jesse & Joy,2,2018
Metro Boomin,WizKid,1,2018
Swae Lee,WizKid,1,2018
Kodak Black,XXXTENTACION,2,2018
Kendrick Lamar,Lil Wayne,1,2018
Lil Baby,Quavo,1,2018
Drake,N.E.R.D,1,2018
Drake,Rihanna,3,2018
N.E.R.D,Rihanna,2,2018
6LACK,J. Cole,1,2018
Arcangel,Chris Jeday,2,2018
Arcangel,J Balvin,2,2018
Arcangel,Ozuna,2,2018
Chris Jeday,J Balvin,2,2018
Chris Jeday,Ozuna,3,2018
BTS,Nicki Minaj,1,2018
Babes Wodumo,Zacari,1,2018
Jason Derulo,Ty Dolla $ign,2,2018
Gunna,Lil Durk,1,2018
Gunna,NAV,1,2018
Lil Baby,Lil Durk,1,2018
Lil Baby,NAV,1,2018
Lil Durk,NAV,1,2018
Dagny,Seeb,1,2018
Conor Maynard,Kris Kross Amsterdam,1,2018
Conor Maynard,The Boy Next Door,1,2018
Kris Kross Amsterdam,The Boy Next Door,1,2018
Martin Garrix,Troye Sivan,2,2018
Lil Pump,Smokepurpp,1,2018
Madison Beer,Offset,1,2018
Bebe Rexha,Digital Farm Animals,2,2018
Bebe Rexha,Louis Tomlinson,2,2018
Digital Farm Animals,Louis Tomlinson,2,2018
Calvin Harris,Frank Ocean,3,2018
Calvin Harris,Migos,3,2018
Frank Ocean,Migos,3,2018
Alessia Cara,Khalid,2,2018
Alessia Cara,Logic,2,2018
Khalid,Logic,2,2018
6LACK,Offset,1,2018
Anderson .Paak,Kendrick Lamar,1,2018
James Arthur,Juicy J,1,2018
James Arthur,Marshmello,1,2018
Juicy J,Marshmello,1,2018
Joey Montana,Sebastian Yatra,2,2018
Bad Bunny,Cazzu,1,2018
Bad Bunny,Duki,1,2018
Bad Bunny,KHEA,1,2018
Cazzu,Duki,1,2018
Duki,KHEA,1,2018
Gucci Mane,Quavo,2,2018
Gucci Mane,Ty Dolla $ign,1,2018
Quavo,Ty Dolla $ign,1,2018
Clean Bandit,Julia Michaels,2,2018
Kanye West,Travis Barker,1,2018
Kanye West,XXXTENTACION,1,2018
Anne-Marie,Clean Bandit,2,2018
Anne-Marie,Sean Paul,2,2018
Clean Bandit,Sean Paul,2,2018
Alan Walker,Digital Farm Animals,2,2018
Alan Walker,Juliander,2,2018
Alan Walker,Noah Cyrus,2,2018
Digital Farm Animals,Juliander,2,2018
Digital Farm Animals,Noah Cyrus,2,2018
Juliander,Noah Cyrus,2,2018
G-Eazy,Post Malone,1,2018
G-Eazy,YG,1,2018
Post Malone,YG,1,2018
Charli XCX,Troye Sivan,1,2018
David Guetta,Justin Bieber,2,2018
Calvin Harris,PARTYNEXTDOOR,2,2018
Banx & Ranx,Ella Eyre,1,2018
Banx & Ranx,Yxng Bane,1,2018
Ella Eyre,Yxng Bane,1,2018
Diplo,French Montana,1,2018
Diplo,Lil Pump,1,2018
Diplo,Zhavia Ward,1,2018
French Montana,Lil Pump,1,2018
French Montana,Zhavia Ward,1,2018
Lil Pump,Zhavia Ward,1,2018
6LACK,Khalid,1,2018
6LACK,Ty Dolla $ign,1,2018
Khalid,Ty Dolla $ign,1,2018
Almighty,Bad Bunny,1,2018
Almighty,DJ Luian,1,2018
Almighty,Mambo Kingz,1,2018
Almighty,Ozuna,1,2018
Almighty,Wisin,1,2018
Bad Bunny,Wisin,1,2018
DJ Luian,Ozuna,1,2018
DJ Luian,Wisin,1,2018
Mambo Kingz,Ozuna,1,2018
Mambo Kingz,Wisin,1,2018
Bad Bunny,Enrique Iglesias,1,2018
JAY-Z,Meek Mill,1,2018
JAY-Z,Rick Ross,1,2018
Meek Mill,Rick Ross,1,2018
Calvin Harris,Normani,1,2018
Calvin Harris,WizKid,1,2018
Normani,WizKid,1,2018
Khalid,Swae Lee,1,2018
Lil Pump,Lil Uzi Vert,1,2018
Lil Wayne,Snoop Dogg,1,2018
Liam Payne,Rita Ora,1,2018
CNCO,Yandel,2,2018
6ix9ine,Bobby Shmurda,1,2018
Salmo,Sfera Ebbasta,1,2018
KIDS SEE GHOSTS,Ty Dolla $ign,1,2018
A Boogie Wit da Hoodie,Kodak Black,5,2018
A$AP Rocky,Kid Cudi,1,2018
A$AP Rocky,T.I.,1,2018
Kid Cudi,Moby,1,2018
Kid Cudi,T.I.,1,2018
Moby,T.I.,1,2018
Matt Ox,XXXTENTACION,1,2018
Shawn Mendes,Zedd,1,2018
Swae Lee,Wiz Khalifa,1,2018
Mozzy,REASON,1,2018
Mozzy,Sjava,1,2018
REASON,Sjava,1,2018
Gunna,Tory Lanez,1,2018
Calvin Harris,SZA,1,2018
Drake,Migos,1,2018
DJ Snake,French Montana,1,2018
DJ Snake,GASHI,1,2018
French Montana,GASHI,1,2018
Julia Michaels,Trippie Redd,1,2018
Kendrick Lamar,Travis Scott,1,2018
2 Chainz,Drake,2,2018
2 Chainz,Quavo,2,2018
Ozuna,Reik,1,2018
Reik,Wisin,1,2018
Future,J Balvin,2,2018
Future,Juan Magán,2,2018
Future,MC Fioti,2,2018
Future,Stefflon Don,2,2018
J Balvin,Juan Magán,2,2018
J Balvin,MC Fioti,2,2018
J Balvin,Stefflon Don,2,2018
Juan Magán,MC Fioti,2,2018
Juan Magán,Stefflon Don,2,2018
MC Fioti,Stefflon Don,2,2018
Cappadonna,GZA,1,2018
Cappadonna,Ghostface Killah,1,2018
Cappadonna,Inspectah Deck,1,2018
Cappadonna,Jackpot Scotty Wotty,1,2018
Cappadonna,Logic,1,2018
Cappadonna,Masta Killa,1,2018
Cappadonna,Method Man,1,2018
Cappadonna,RZA,1,2018
Cappadonna,Raekwon,1,2018
Cappadonna,U-God,1,2018
GZA,Ghostface Killah,1,2018
GZA,Inspectah Deck,1,2018
GZA,Jackpot Scotty Wotty,1,2018
GZA,Logic,1,2018
GZA,Masta Killa,1,2018
GZA,Method Man,1,2018
GZA,RZA,1,2018
GZA,Raekwon,1,2018
GZA,U-God,1,2018
Ghostface Killah,Inspectah Deck,1,2018
Ghostface Killah,Jackpot Scotty Wotty,1,2018
Ghostface Killah,Logic,1,2018
Ghostface Killah,Masta Killa,1,2018
Ghostface Killah,Method Man,1,2018
Ghostface Killah,RZA,1,2018
Ghostface Killah,Raekwon,1,2018
Ghostface Killah,U-God,1,2018
Inspectah Deck,Jackpot Scotty Wotty,1,2018
Inspectah Deck,Logic,1,2018
Inspectah Deck,Masta Killa,1,2018
Inspectah Deck,Method Man,1,2018
Inspectah Deck,RZA,1,2018
Inspectah Deck,Raekwon,1,2018
Inspectah Deck,U-God,1,2018
Jackpot Scotty Wotty,Logic,1,2018
Jackpot Scotty Wotty,Masta Killa,1,2018
Jackpot Scotty Wotty,Method Man,1,2018
Jackpot Scotty Wotty,RZA,1,2018
Jackpot Scotty Wotty,Raekwon,1,2018
Jackpot Scotty Wotty,U-God,1,2018
Logic,Masta Killa,1,2018
Logic,Method Man,1,2018
Logic,RZA,1,2018
Logic,Raekwon,1,2018
Logic,U-God,1,2018
Masta Killa,Method Man,1,2018
Masta Killa,RZA,1,2018
Masta Killa,Raekwon,1,2018
Masta Killa,U-God,1,2018
Method Man,RZA,1,2018
Method Man,Raekwon,1,2018
Method Man,U-God,1,2018
RZA,Raekwon,1,2018
RZA,U-God,1,2018
Raekwon,U-God,1,2018
Beyoncé,DJ Khaled,3,2018
Beyoncé,Future,1,2018
DJ Khaled,Future,1,2018
DJ Khaled,JAY-Z,3,2018
Future,JAY-Z,1,2018
CNCO,Little Mix,3,2018
Empress Of,Khalid,1,2018
Calvin Harris,benny blanco,1,2018
21 Savage,Kodak Black,1,2018
Kodak Black,Metro Boomin,1,2018
Logic,Ryan Tedder,1,2018
Alan Walker,Au/Ra,1,2018
Alan Walker,Tomine Harket,1,2018
Au/Ra,Tomine Harket,1,2018
Bushido,Capital Bra,1,2018
Bushido,Samra,1,2018
Maluma,Ozuna,1,2018
21 Savage,A$AP Rocky,1,2018
21 Savage,London On Da Track,1,2018
A$AP Rocky,Gucci Mane,1,2018
A$AP Rocky,London On Da Track,1,2018
Gucci Mane,London On Da Track,1,2018
Drake,Static Major,1,2018
Drake,Ty Dolla $ign,1,2018
Static Major,Ty Dolla $ign,1,2018
Lil Peep,Marshmello,1,2018
Future,Young Scooter,1,2018
Juice WRLD,Young Scooter,1,2018
KIDS SEE GHOSTS,Louis Prima,1,2018
Ina Wroldsen,Jax Jones,1,2018
Drake,JAY-Z,1,2018
Big Sean,Calvin Harris,3,2018
Big Sean,Katy Perry,3,2018
Big Sean,Pharrell Williams,3,2018
Calvin Harris,Katy Perry,3,2018
Calvin Harris,Pharrell Williams,4,2018
Katy Perry,Pharrell Williams,3,2018
Big Sean,Logic,1,2018
Juice WRLD,Lil Yachty,1,2018
Bebe Rexha,Cardi B,1,2018
Bebe Rexha,Charli XCX,1,2018
Bebe Rexha,Rita Ora,1,2018
Cardi B,Charli XCX,1,2018
Cardi B,Rita Ora,1,2018
Charli XCX,Rita Ora,1,2018
Keala Settle,Zac Efron,1,2018
The Greatest Showman Ensemble,Zac Efron,1,2018
Elley Duhé,Gryffin,1,2018
Daddy Yankee,Nicky Jam,2,2018
Daddy Yankee,Romeo Santos,2,2018
Nicky Jam,Romeo Santos,2,2018
Avicii,Nicky Romero,1,2018
Luis Fonsi,Stefflon Don,1,2018
Sia,ZAYN,2,2018
French Montana,Swae Lee,3,2018
Kanye West,Nas,1,2018
Lil Uzi Vert,Oh Wonder,3,2018
Clean Bandit,Zara Larsson,2,2018
Dewain Whitmore,Justin Mylo,1,2018
Dewain Whitmore,Martin Garrix,1,2018
Justin Mylo,Martin Garrix,1,2018
Mark Ronson,Sean Ono Lennon,1,2018
Miley Cyrus,Sean Ono Lennon,1,2018
Chris Brown,Lil Dicky,1,2018
Huncho Jack,Offset,2,2018
Offset,Quavo,3,2018
Mac Miller,Miguel,1,2018
De La Ghetto,Jason Derulo,1,2018
De La Ghetto,Sofia Reyes,1,2018
Jason Derulo,Sofia Reyes,1,2018
Paloma Faith,Sigala,1,2018
David Guetta,Jason Derulo,1,2018
David Guetta,Nicki Minaj,1,2018
David Guetta,Willy William,1,2018
Jason Derulo,Willy William,1,2018
Nicki Minaj,Willy William,1,2018
Abraham Mateo,Christian Daniel,2,2018
Abraham Mateo,Farruko,2,2018
Christian Daniel,Farruko,2,2018
Lil Yachty,Trippie Redd,1,2018
KIDS SEE GHOSTS,Pusha T,1,2018
Ab-Soul,Anderson .Paak,1,2018
Ab-Soul,James Blake,1,2018
Anderson .Paak,James Blake,1,2018
DJ Snake,Justin Bieber,2,2018
Lil Wayne,Rich The Kid,1,2018
Ariana Grande,Pharrell Williams,2,2018
Cardi B,Chance the Rapper,1,2018
Alex Sensation,Ozuna,2,2018
Charlie Charles,Ghali,1,2018
Charlie Charles,Sfera Ebbasta,1,2018
Ghali,Sfera Ebbasta,1,2018
Carlos Vives,Sebastian Yatra,3,2018
Juice WRLD,Kodak Black,1,2018
Capital Bra,Ufo361,1,2018
NAV,Travis Scott,1,2018
BloodPop®,Hailee Steinfeld,1,2018
Kendrick Lamar,The Weeknd,2,2018
Lil Wayne,Travis Scott,1,2018
Logic,OneRepublic,1,2018
Cheat Codes,Demi Lovato,2,2018
Anitta,Matheus & Kauan,1,2018
Quavo,Sfera Ebbasta,1,2018
Charlie Puth,Selena Gomez,2,2018
Kanye West,Pusha T,1,2018
Bomba Estéreo,Tainy,1,2018
Migos,Post Malone,1,2018
Carnage,Lil Pump,1,2018
Kygo,Selena Gomez,2,2018
Big Sean,Metro Boomin,4,2017
Future,Young Thug,4,2017
Demi Lovato,Jax Jones,3,2017
Demi Lovato,Stefflon Don,3,2017
Jax Jones,Stefflon Don,3,2017
Khalid,Lorde,3,2017
Khalid,Post Malone,3,2017
Khalid,SZA,3,2017
Lorde,Post Malone,3,2017
Lorde,SZA,3,2017
Calvin Harris,Travis Scott,3,2017
A$AP Rocky,Lana Del Rey,3,2017
Camila Cabello,Quavo,2,2017
Drake,Young Thug,2,2017
Major Lazer,MØ,2,2017
Calvin Harris,DJ Khaled,2,2017
Calvin Harris,Jeremih,2,2017
DJ Khaled,Jeremih,2,2017
Jeremih,Travis Scott,2,2017
Nicki Minaj,Yo Gotti,2,2017
21 Savage,Big Sean,2,2017
Drake,Future,2,2017
Future,The Weeknd,2,2017
2 Chainz,Young Thug,2,2017
Jax Jones,RAYE,2,2017
Lil Yachty,Macklemore,2,2017
Fifth Harmony,Gucci Mane,2,2017
Gucci Mane,The Weeknd,2,2017
Bad Bunny,Farruko,2,2017
Bad Bunny,Rvssian,2,2017
Farruko,Rvssian,2,2017
A$AP Rocky,"Tyler, The Creator",2,2017
Calvin Harris,Future,2,2017
Calvin Harris,Khalid,2,2017
Future,Khalid,2,2017
Kygo,The Night Game,2,2017
Grey,Hailee Steinfeld,2,2017
Hailee Steinfeld,Zedd,2,2017
JP Cooper,Jonas Blue,2,2017
Bad Bunny,KAROL G,2,2017
Drake,Giggs,2,2017
Lana Del Rey,The Weeknd,2,2017
Shawn Hook,Vanessa Hudgens,2,2017
G-Eazy,Marc E. Bassy,2,2017
Frank Ocean,Steve Lacy,2,2017
Frank Ocean,"Tyler, The Creator",2,2017
Steve Lacy,"Tyler, The Creator",2,2017
Major Lazer,Nyla,2,2017
A$AP Rocky,Playboi Carti,2,2017
Lana Del Rey,Playboi Carti,2,2017
Kendrick Lamar,Maroon 5,1,2017
Hailee Steinfeld,Machine Gun Kelly,1,2017
Chris Brown,Gucci Mane,1,2017
Chris Brown,Usher,1,2017
Gucci Mane,Usher,1,2017
DJ Khaled,Migos,1,2017
The Chainsmokers,XYLØ,1,2017
Drake,Metro Boomin,1,2017
Drake,Offset,1,2017
Cheat Codes,Dante Klein,1,2017
DJ Khaled,Drake,1,2017
G-Eazy,Kehlani,1,2017
187 Strassenbande,Bonez MC,1,2017
187 Strassenbande,Gzuz,1,2017
Lil Uzi Vert,Pharrell Williams,1,2017
Alok,Bruno Martini,1,2017
Alok,Zeeba,1,2017
Bruno Martini,Zeeba,1,2017
Drake,Travis Scott,1,2017
Calvin Harris,DRAM,1,2017
Calvin Harris,ScHoolboy Q,1,2017
DRAM,PARTYNEXTDOOR,1,2017
DRAM,ScHoolboy Q,1,2017
PARTYNEXTDOOR,ScHoolboy Q,1,2017
Cali Y El Dandee,Maite Perroni,1,2017
DJ Snake,Major Lazer,1,2017
DJ Snake,MØ,1,2017
Descemer Bueno,Enrique Iglesias,1,2017
Descemer Bueno,Zion & Lennox,1,2017
Enrique Iglesias,Zion & Lennox,1,2017
Ariana Grande,Future,1,2017
Damian Lemar Hudson,Logic,1,2017
Cedric Gervais,Chris Willis,1,2017
Cedric Gervais,David Guetta,1,2017
Chris Willis,David Guetta,1,2017
Justin Bieber,Major Lazer,1,2017
Justin Bieber,MØ,1,2017
Nicky Jam,Wisin,1,2017
Flume,Kai,1,2017
Wisin,Yandel,1,2017
DRAM,Lil Yachty,1,2017
Kendrick Lamar,U2,1,2017
Bebe Rexha,Lil Wayne,1,2017
Cash Cash,Conor Maynard,1,2017
Charly Black,Daddy Yankee,1,2017
Galantis,Hook N Sling,1,2017
Eminem,Kehlani,1,2017
A-Trak,Calvin Harris,1,2017
A-Trak,Travis Scott,1,2017
2 Chainz,Chance the Rapper,1,2017
2 Chainz,Lil Wayne,1,2017
Jhené Aiko,The Chainsmokers,1,2017
Ariana Grande,John Legend,1,2017
Felix Snow,Kiiara,1,2017
A Boogie Wit da Hoodie,Chris Brown,1,2017
A Boogie Wit da Hoodie,Yo Gotti,1,2017
Chris Brown,Kodak Black,1,2017
Chris Brown,Yo Gotti,1,2017
Kodak Black,Yo Gotti,1,2017
Coldplay,Seeb,1,2017
Alesso,Anitta,1,2017
Arrhult,Joakim Lundell,1,2017
Anitta,Iggy Azalea,1,2017
Liam Payne,Zedd,1,2017
Gente De Zona,Jennifer Lopez,1,2017
Gorillaz,Popcaan,1,2017
Jillian Edwards,Thomas Gold,1,2017
Ariana Grande,Calvin Harris,1,2017
Ariana Grande,Young Thug,1,2017
Calvin Harris,Young Thug,1,2017
Pharrell Williams,Young Thug,1,2017
BIA,J Balvin,1,2017
BIA,Pharrell Williams,1,2017
BIA,Sky,1,2017
J Balvin,Pharrell Williams,1,2017
J Balvin,Sky,1,2017
Pharrell Williams,Sky,1,2017
Camila Cabello,J Balvin,1,2017
Camila Cabello,Pitbull,1,2017
J Balvin,Pitbull,1,2017
Labrinth,Noah Cyrus,1,2017
Drake,Kanye West,1,2017
Big Sean,Kash Doll,1,2017
Kash Doll,Metro Boomin,1,2017
Drake,Gucci Mane,1,2017
Enrique Iglesias,Wisin,1,2017
Andrelli,Hearts & Colors,1,2017
A$AP Rocky,Mura Masa,1,2017
Little Mix,Stormzy,1,2017
Alicia Keys,Eminem,1,2017
21 Savage,Future,1,2017
Future,Metro Boomin,1,2017
Bipolar Sunshine,DJ Snake,1,2017
Gucci Mane,Selena Gomez,1,2017
Eminem,X Ambassadors,1,2017
2 Chainz,PnB Rock,1,2017
2 Chainz,Wiz Khalifa,1,2017
PnB Rock,Wiz Khalifa,1,2017
PnB Rock,Young Thug,1,2017
Wiz Khalifa,Young Thug,1,2017
ROZES,The Chainsmokers,1,2017
Clara Mae,KREAM,1,2017
Camila Cabello,Major Lazer,1,2017
Camila Cabello,Travis Scott,1,2017
Major Lazer,Quavo,1,2017
Major Lazer,Travis Scott,1,2017
Ella Eyre,Sigala,1,2017
Bebe Rexha,G-Eazy,1,2017
Sam Smith,Yebba,1,2017
Kesha,The Dap-Kings Horns,1,2017
Francesco Yates,Robin Schulz,1,2017
Gorillaz,Vince Staples,1,2017
Cali Y El Dandee,Shaggy,1,2017
Jasmine Thompson,Skizzy Mars,1,2017
Jasmine Thompson,Vice,1,2017
Skizzy Mars,Vice,1,2017
Quintino,R3HAB,1,2017
French Montana,Maluma,1,2017
Eminem,Pink,1,2017
Nacho,Sebastian Yatra,1,2017
Nacho,Wisin,1,2017
Sebastian Yatra,Wisin,1,2017
Axwell /\ Ingrosso,Kid Ink,1,2017
Ansel Elgort,Logic,1,2017
Zay Hilfigerrr,Zayion McCall,1,2017
Jonas Blue,RAYE,1,2017
J. Davi$,Rob $tone,1,2017
J. Davi$,Spooks,1,2017
Rob $tone,Spooks,1,2017
El Chacal,IAmChino,1,2017
El Chacal,Pitbull,1,2017
El Chacal,Yandel,1,2017
IAmChino,Pitbull,1,2017
IAmChino,Yandel,1,2017
Pitbull,Yandel,1,2017
Fifth Harmony,Ty Dolla $ign,1,2017
JAY-Z,Linkin Park,1,2017
Big Sean,Starrah,1,2017
Big Sean,The Flint Chozen Choir,1,2017
Starrah,The Flint Chozen Choir,1,2017
Julia Michaels,Maroon 5,1,2017
Katy Perry,Migos,1,2017
Louane,The Chainsmokers,1,2017
Dyo,NEIKED,1,2017
MØ,Snakehips,1,2017
Lil Yachty,Migos,1,2017
Olivia O'Brien,gnash,1,2017
Major Lazer,Nicki Minaj,1,2017
Major Lazer,PARTYNEXTDOOR,1,2017
Nicki Minaj,PARTYNEXTDOOR,1,2017
Fetty Wap,Mark Morrison,1,2017
Fetty Wap,Nevada,1,2017
Mark Morrison,Nevada,1,2017
Camila Cabello,Machine Gun Kelly,1,2017
Maluma,Piso 21,1,2017
Nick Jonas,Nicki Minaj,1,2017
CMC$,DVBBS,1,2017
CMC$,Gia Koka,1,2017
DVBBS,Gia Koka,1,2017
Huncho Jack,Takeoff,1,2017
Quavo,Takeoff,1,2017
Takeoff,Travis Scott,1,2017
PARTYNEXTDOOR,ZAYN,1,2017
Big Sean,Jeremih,1,2017
Ryan Riback,Starley,1,2017
Jon Bellion,Vice,1,2017
Flume,Tove Lo,1,2017
Cashmere Cat,Selena Gomez,1,2017
Selena Gomez,Tory Lanez,1,2017
Farruko,Ky-Mani Marley,1,2017
Florida Georgia Line,The Chainsmokers,1,2017
Drake,Sampha,1,2017
NOTD,Stanaj,1,2017
Black Coffee,Drake,1,2017
Black Coffee,Jorja Smith,1,2017
Drake,Jorja Smith,1,2017
Alex Aiono,Felix Jaehn,1,2017
Alex Aiono,Hight,1,2017
Felix Jaehn,Hight,1,2017
Burak Yeter,Danelle Sandoval,1,2017
Eminem,Phresher,1,2017
Future,Maroon 5,1,2017
P!nk,Sia,1,2017
P!nk,Stargate,1,2017
Sia,Stargate,1,2017
Metro Boomin,Quavo,1,2017
Killer Mike,Logic,1,2017
Drake,Lil Wayne,1,2017
Drake,Nicki Minaj,1,2017
Gucci Mane,blackbear,1,2017
Matoma,The Vamps,1,2017
Kane Brown,Lauren Alaina,1,2017
Emily Warren,FRENSHIP,1,2017
Linkin Park,Pusha T,1,2017
Linkin Park,Stormzy,1,2017
Pusha T,Stormzy,1,2017
James Arthur,Rudimental,1,2017
Ty Dolla $ign,Zara Larsson,1,2017
Mike Posner,Seeb,1,2017
Anna of the North,Rex Orange County,1,2017
Anna of the North,"Tyler, The Creator",1,2017
Rex Orange County,"Tyler, The Creator",1,2017
Lil Uzi Vert,Nicki Minaj,1,2017
Nicki Minaj,Oh Wonder,1,2017
Maren Morris,Thomas Rhett,1,2017
Kendrick Lamar,Sia,1,2017
Chino & Nacho,Daddy Yankee,1,2017
Maluma,Ricky Martin,1,2017
Carlos Vives,Shakira,1,2017
Chance the Rapper,Knox Fortune,1,2017
CVBZ,Cheat Codes,1,2017
CVBZ,Fetty Wap,1,2017
Cheat Codes,Fetty Wap,1,2017
Gucci Mane,Rae Sremmurd,1,2017
Kali Uchis,"Tyler, The Creator",1,2017
Calvin Harris,Rihanna,1,2017
Calvin Harris,Kehlani,1,2017
Calvin Harris,Lil Yachty,1,2017
Kehlani,Lil Yachty,1,2017
A$AP Rocky,Maroon 5,1,2017
Anitta,Major Lazer,1,2017
Anitta,Pabllo Vittar,1,2017
Major Lazer,Pabllo Vittar,1,2017
David Guetta,Kiiara,1,2017
Dimitri Vegas,Kiiara,1,2017
Dimitri Vegas & Like Mike,Kiiara,1,2017
Phoebe Ryan,The Chainsmokers,1,2017
Calvin Harris,Nicki Minaj,1,2017
Louis Tomlinson,Steve Aoki,1,2017
Poo Bear,Skrillex,1,2017
Bebe Rexha,Ty Dolla $ign,1,2017
Lil Uzi Vert,The Weeknd,1,2017
Diplo,MØ,1,2017
Kiiara,Linkin Park,1,2017
Chris Jeday,Daddy Yankee,1,2017
Chris Jeday,De La Ghetto,1,2017
Daddy Yankee,De La Ghetto,1,2017
De La Ghetto,Ozuna,1,2017
Bright Sparks,Tiësto,1,2017
Big Lenbo,Black Thought,1,2017
Big Lenbo,Chuck D,1,2017
Big Lenbo,Logic,1,2017
Big Lenbo,No I.D,1,2017
Black Thought,Chuck D,1,2017
Black Thought,Logic,1,2017
Black Thought,No I.D,1,2017
Chuck D,Logic,1,2017
Chuck D,No I.D,1,2017
Logic,No I.D,1,2017
21 Savage,Drake,1,2017
Big Sean,Coldplay,1,2017
Lana Del Rey,Stevie Nicks,1,2017
A$AP Rocky,The Weeknd,1,2017
A$AP Rocky,Young Thug,1,2017
The Weeknd,Young Thug,1,2017
Prince Royce,Shakira,1,2017
Lauren Jauregui,Steve Aoki,1,2017
Eminem,P!nk,1,2017
Fuse ODG,Major Lazer,1,2017
Fuse ODG,Nyla,1,2017
Katy Perry,Skip Marley,1,2017
Nause,Pretty Sister,1,2017
Juicy J,Logic,1,2017
Ed Sheeran,Kranium,1,2017
Ed Sheeran,Major Lazer,1,2017
Ed Sheeran,Nyla,1,2017
Kranium,Major Lazer,1,2017
Kranium,Nyla,1,2017
Cheat Codes,Kris Kross Amsterdam,1,2017
Dakota,Jonas Blue,1,2017
Eminem,Skylar Grey,1,2017
Cookin' On 3 Burners,Kungs,1,2017
James Blunt,Robin Schulz,1,2017
Imagine Dragons,Lil Wayne,1,2017
Imagine Dragons,Logic,1,2017
Imagine Dragons,Ty Dolla $ign,1,2017
Imagine Dragons,Wiz Khalifa,1,2017
Imagine Dragons,X Ambassadors,1,2017
Lil Wayne,Logic,1,2017
Lil Wayne,Ty Dolla $ign,1,2017
Lil Wayne,Wiz Khalifa,1,2017
Lil Wayne,X Ambassadors,1,2017
Logic,Ty Dolla $ign,1,2017
Logic,X Ambassadors,1,2017
Ty Dolla $ign,Wiz Khalifa,1,2017
Ty Dolla $ign,X Ambassadors,1,2017
Wiz Khalifa,X Ambassadors,1,2017
Anuel AA,Wisin,1,2017
Anuel AA,Zion & Lennox,1,2017
Daddy Yankee,Wisin,1,2017
Daddy Yankee,Zion & Lennox,1,2017
Farruko,Wisin,1,2017
Wisin,Zion & Lennox,1,2017
99 Percent,Flo Rida,1,2017
Future,Rihanna,1,2017
Little Mix,Machine Gun Kelly,1,2017
Katy Perry,Nicki Minaj,1,2017
2 Chainz,Gucci Mane,1,2017
Future,Offset,1,2017
Offset,Young Thug,1,2017
Alan Walker,Gavin James,1,2017
Bahari,Grey,1,2017
Kendrick Lamar,Rihanna,1,2017
Mike Perry,SHY Martin,1,2017
Cheat Codes,David Guetta,1,2017
Cheat Codes,Robin Schulz,1,2017
David Guetta,Robin Schulz,1,2017
2 Chainz,Jhené Aiko,1,2017
2 Chainz,Trey Songz,1,2017
2 Chainz,Ty Dolla $ign,1,2017
Jhené Aiko,Trey Songz,1,2017
Jhené Aiko,Ty Dolla $ign,1,2017
Trey Songz,Ty Dolla $ign,1,2017
KYLE,Lil Yachty,1,2017
Noah Cyrus,XXXTENTACION,1,2017
Big Sean,Eminem,1,2017
Bebe Rexha,Martin Garrix,1,2017
Andrea Bocelli,Ed Sheeran,1,2017
Kygo,Maty Noyes,1,2017
Bruno Mars,Mark Ronson,1,2017
Kygo,OneRepublic,1,2017
French Montana,Max B,1,2017
French Montana,The Weeknd,1,2017
Max B,The Weeknd,1,2017
Emma Stone,Ryan Gosling,1,2017
Don Omar,Zion & Lennox,1,2017
AlunaGeorge,Avicii,1,2017
OneRepublic,Seeb,1,2017
Ariana Grande,Cashmere Cat,1,2017
Bryant Myers,Juhn,1,2017
Bryant Myers,Maluma,1,2017
Bryant Myers,Noriel,1,2017
Bryant Myers,Trap Capos,1,2017
Juhn,Maluma,1,2017
Juhn,Noriel,1,2017
Juhn,Trap Capos,1,2017
Maluma,Noriel,1,2017
Maluma,Trap Capos,1,2017
Noriel,Trap Capos,1,2017
Chris Brown,Future,1,2017
Chris Brown,Young Thug,1,2017
Dua Lipa,Sean Paul,1,2017
Ellie Goulding,Kygo,1,2017
